Category,ID,Market Name,Product Name,Seller Name,Code – Andy,Code – Joseph,Agreement
Guides & Tutorials,150246,TradeRoute,"Dating scam more than $1,000",fence16693,Fraud,Fraud,,TRUE
Guides & Tutorials,145020,TradeRoute,MAKE $6K DAY BUYING ETHEREUM WITH CC OR PAYPAL,TheWealthMaker27897,Cashing Out,Cashing Out,,TRUE
Guides & Tutorials,92160,TradeRoute,[UPDATED 2017] AMAZON + EBAY PACKAGE + FREEBIES,Cyberzen1894,Other,Other,,TRUE
Information,116027,TradeRoute,Paypal to BTC Working Method JULY 2017,MoneyMule217898,Cashing Out,Cashing Out,,TRUE
Guides & Tutorials,101798,TradeRoute,ANTIDETECT 7 & FRAUDFOX VM+2 LIFETIME VPNS +AMAZON PRO GUIDE,RBPshop81999,Anonymity – VPN,Anonymity – VPN,,TRUE
Guides & Tutorials,146781,TradeRoute,♕ BITCOINS MONEY PACK | 16 GUIDES ♕,TheShop131697,Cryptocurrency – General,Cryptocurrency – General,,TRUE
Guides & Tutorials,113763,TradeRoute,★ AK-47 Kalashnikov: GUIDES MEGAPACK ★,TheShop132197,Other,Other,,TRUE
Security,136414,TradeRoute,Theoretical & Experimental Methods Defending DDoS,pckabml143100,Denial of Service,Denial of Service,,TRUE
Guides & Tutorials,136616,TradeRoute,2017 -How To Buy Bitcoins With Your Credit Card,geekgorilla7100,Cashing Out,Cashing Out,,TRUE
E-books,128766,TradeRoute,What The Government Doesn't Want You To Know About Bitc,captainkirk0--,Cryptocurrency – General,Cryptocurrency – General,,TRUE
Guides & Tutorials,103642,TradeRoute,CCleaner PRO -- INCREASE YOUR SUCCESS IN CARDING,SplashStars3797,Carding,Carding,,TRUE
Security,97999,TradeRoute,Professional VPN - Avira Phantom VPN Pro + Crack,G3cko228798,Anonymity – VPN,Anonymity – VPN,,TRUE
Others Guides,282834,Apple Market,"THE FRAUD BIBLE  40.000 ITEMS INCLUDED!  99% OF ALL guides sold in the market: Carding,Cashout,Paypal,CC,Hacks,Etc",TheCousteauMotorcyclist,Carding,Carding,,TRUE
Guides & Tutorials,110888,TradeRoute,How To Make Money Trading Cryptocurrency,drunkninja168797,Cryptocurrency – Trading,Cryptocurrency – Trading,,TRUE
Security,153759,TradeRoute,MINE ZCASH USING OTHER PEOPLES COMPUTERS,TopNotchMoneyMaker69197,Cryptocurrency – General,Malware Authorship,,FALSE
E-Books,297649,Hansa,"Pick-a-Book List: DIGITAL FORENSICS, EXPLOITS, NETWORK DEFENSE, and SURVEILLANCE",pckabml,Digital Forensics,eBooks – Tech,,FALSE
E-books,107235,TradeRoute,Beyond Bitcoin The Economics of Digital Currencies 2016,pckabml143100,Cryptocurrency – General,Cryptocurrency – General,,TRUE
Guides & Tutorials,126771,TradeRoute,How To Card Google Play,drunkninja174497,Carding,Carding,,TRUE
Information,135351,TradeRoute,Ultimate Hacking Megapack 14gb,OnePiece36100,Hacking – General,Hacking – General,,TRUE
Information,107289,TradeRoute,How to hack IOS or Android ?,Hotmilk140997,Hacking – Mobile,Hacking – Mobile,,TRUE
Guides & Tutorials,93925,TradeRoute,Cardable Sites + Method 2017,Kaptein66494,Carding,Carding,,TRUE
Information,141087,TradeRoute,★ CC Cashout eBay/Amazon ★,TheShop132197,Cashing Out,Cashing Out,,TRUE
Security,145501,TradeRoute,ATTACK SMARTPHONE SECUIRTY WITH PENETRATION TESTING,TopNotchMoneyMaker68097,Hacking – Mobile,Hacking – Mobile,,TRUE
E-books,128993,TradeRoute,Secrets of Meth Manufacture 8th Edition,captainkirk0--,Drugs – Production,Drugs – Production,,TRUE
E-books,154665,TradeRoute,Bitcoin Beginner's Guide,TheDigital13499,Cryptocurrency – General,Cryptocurrency – General,,TRUE
Security,143339,TradeRoute,★★ FRESH CLEAN HQ SOCKS ★★ ANY COUNTRY !! ★★,Goldoratt471100,Anonymity – Proxies,Anonymity – Proxies,,TRUE
E-books,148635,TradeRoute,Vladimir Nabokov - Lolita,captainkirk0--,eBooks – Other,eBooks – Other,,TRUE
E-books,128143,TradeRoute,★[CC/CVV Balance Checker+Live Or Dead]★,MoneyMule217498,Carding,Carding,,TRUE
E-books,114972,TradeRoute,My TOP 15 Socks5 Providers + VIDEO Tutorial,steemdude71197,Anonymity – Proxies,Anonymity – Proxies,,TRUE
E-books,92737,TradeRoute,[PDF] You Are a Badass at Making Money [NEW],UnleashClearLoyalty82798,eBooks – Other,eBooks – Other,,TRUE
Guides & Tutorials,126350,TradeRoute,How To Spoof Your IP Address (ESSENTIAL FOR CARDING),PrawnCracker33099,Carding,Carding,,TRUE
Information,158660,TradeRoute,FULLZ PHISHING GUIDE,Torso216098,Fraud,Fraud,,TRUE
E-books,104483,TradeRoute,Concepts of Programming Languages 11th edition 2016,pckabml143100,eBooks – Tech,eBooks – Tech,,TRUE
Security,284826,Hansa,GUIDE FOR ANONYMOUS INTERNET USAGE,bank,Anonymity – Other,Anonymity – Other,,TRUE
E-Books,294404,Hansa,"Coleman, John (One World Dictatorship)",OnePiece,eBooks – Other,eBooks – Other,,TRUE
Guides & Tutorials,127274,TradeRoute,How To Stay Completely Anonymous,PinkQueen143197,Anonymity – Other,Anonymity – Other,,TRUE
E-books,124530,TradeRoute,Bitcoin For Dummies 2016,pckabml143100,Cryptocurrency – General,Cryptocurrency – General,,TRUE
Guides & Tutorials,112638,TradeRoute,AVOID THE RED FLAGS IN CARDING SHOPPING TIME.,l33ter129498,Carding,Carding,,TRUE
Information,145581,TradeRoute,❻❻ CARDING GUIDES ULTRA BEST 2016/2017 + FREE GIFT,Torso216098,Carding,Carding,,TRUE
Guides & Tutorials,138152,TradeRoute,Secrets of Methamphetamine Manufacturing,PrawnCracker33099,Drugs – Production,Drugs – Production,,TRUE
E-Books,295778,Hansa,Ebooks For Dummies Collection (370 ebooks),captainkirk,eBooks – Other,eBooks – Other,,TRUE
Guides & Tutorials,135490,TradeRoute,Link to Russian Hacking Mega-Software Site,TopNotchMoneyMaker68697,Hacking – General,Hacking – General,,TRUE
Guides & Tutorials,99731,TradeRoute,★COINBASE BTC TO CC CASHOUT GUIDE 2017 FREE LIVE CC★,FraudBanner109038798,Cashing Out,Cashing Out,,TRUE
Guides & Tutorials,108289,TradeRoute,★ HOW TO MAKE HEROIN ★,TheShop133597,Drugs – Production,Drugs – Production,,TRUE
E-Books,294590,Hansa,"Zizek, Slavoj (Living in the End of Times)",OnePiece,eBooks – Other,eBooks – Other,,TRUE
E-books,129277,TradeRoute,★ [2017] CC to BTC Cashout 2.0 RELOADED ★,TheShop132297,Cashing Out,Cashing Out,,TRUE
Guides & Tutorials,157279,TradeRoute,CC to Moneygram Cashout GUIDE,steemdude74198,Cashing Out,Cashing Out,,TRUE
Information,156437,TradeRoute,Paypal transfer + cashout money guide,Torso216098,Cashing Out,Cashing Out,,TRUE
E-Books,294441,Hansa,"Engels, Anti Duhring",OnePiece,eBooks – Other,eBooks – Other,,TRUE
Information,133373,TradeRoute,★ [2017] Hacked PayPal to Bitcoin ★,TheShop133597,Cashing Out,Cashing Out,,TRUE
E-books,100041,TradeRoute,★ The Men's Fitness Exercise Bible ★,TheShop131797,Other,eBooks – Other,,FALSE
E-books,94264,TradeRoute,Mastering Bitcoin: Unlocking Digital Cryptocurrencies,Junkiepig66630398,Cryptocurrency – General,Cryptocurrency – General,,TRUE
Guides & Tutorials,92026,TradeRoute,LOCALBITCOINS  SCAM EASY,thebestseller69099,Fraud,Fraud,,TRUE
Guides & Tutorials,114849,TradeRoute,★EZ Cash techniques★ EBOOK,JohnBronz32695,eBooks – Other,eBooks – Other,,TRUE
E-Books,294201,Hansa,Hacking - The Beginners Guide to Master The Art of Hacking In No Time.pdf,UncleBarney,Hacking – General,Hacking – General,,TRUE
Security,105324,TradeRoute,2x VPN Pack,best4u5192,Anonymity – VPN,Anonymity – VPN,,TRUE
Guides & Tutorials,139596,TradeRoute,★MASSIVE★ List of Cardable Sites 2017 | 100% Working,Null65397,Carding,Carding,,TRUE
Guides & Tutorials,131633,TradeRoute,Carding - Method to Cash $100 from CVV Online,Junkiepig66630498,Carding,Carding,,TRUE
Guides & Tutorials,92738,TradeRoute,✪ ATM Hack to get much more money than you withdraw,Null65097,Hacking – General,Hacking – General,,TRUE
Guides & Tutorials,140185,TradeRoute,How To Pass Counterfeit Money,drunkninja168797,Counterfeit Currency,Counterfeit Currency,,TRUE
Guides & Tutorials,159985,TradeRoute,Ultimate Carding Pack,PrawnCracker32799,Carding,Carding,,TRUE
Security,295747,Hansa,Double Your Bitcoins x180% in 2 month GUARANTEED! (Any Amount!) $5000 in 2 TWO MINUTES (20+ COPIES S,cocacola007,Cryptocurrency – Trading,Cryptocurrency – Trading,,TRUE
Guides & Tutorials,123453,TradeRoute,OzRort's School of Swindle - Hacking RDPs,OzRort108100,Hacking – General,Hacking – General,,TRUE
Guides & Tutorials,103354,TradeRoute,"1500 Cardable sites + UK, DE sites + BONUS GUIDES",steemdude74298,Carding,Carding,,TRUE
Guides & Tutorials,158202,TradeRoute,CARDING - HOW TO CHECK YOUR CCV BALANCE!,Junkiepig66630498,Carding,Carding,,TRUE
Guides & Tutorials,162702,TradeRoute,University Of Carding Guide,Kaptein65694,Carding,Carding,,TRUE
Information,125899,TradeRoute,ALL 50 STATES DRIVERS LICENSE TEMPLATES,TopNotchMoneyMaker68497,Fraud,Resources – Identity Documents,,FALSE
Security,155126,TradeRoute,2017 ADVANCED/BEGINNERS COMPLETE DARKNET FRAUD ENCYCLOPEDIA,TopNotchMoneyMaker68297,Fraud,Fraud,,TRUE
Guides & Tutorials,142536,TradeRoute,★ MULTIPLY YOUR BITCOINS 8X V1 ★  - HALF PRICE !!!,worldbest0--,Cryptocurrency – General,Cryptocurrency – General,,TRUE
Information,110797,TradeRoute,SOCKS5 settings / SOCKS5 + TOR,SplashStars3797,Anonymity – Proxies,Anonymity – Tor,,FALSE
E-Books,297633,Hansa,Pick-10-Book List: DRUPAL Content Management System (CMS),pckabml,eBooks – Tech,eBooks – Tech,,TRUE
Guides & Tutorials,161188,TradeRoute,BTC PAYPAL GUIDE v2.0 [Best Ever]!!!,Torso216098,Cashing Out,Cashing Out,,TRUE
Security,119676,TradeRoute,★ ANONIMITY STARTPACK - 24 Essential Guides ★,TheShop132197,Anonymity – Other,Anonymity – Other,,TRUE
Guides & Tutorials,134327,TradeRoute,Carding basic concepts & terminologies,james202027799,Carding,Carding,,TRUE
Security,103141,TradeRoute,PARANOIC safety VPN+Socks UP to 15+ VPN connection,Dr.Whit389697,Anonymity – VPN,Anonymity – VPN,,TRUE
Guides & Tutorials,158300,TradeRoute,How to make LSD 2017,stevejobs66629799,Drugs – Production,Drugs – Production,,TRUE
Guides & Tutorials,105782,TradeRoute,"#1 NOOB CARDING STARTER MEGAPACK $4,650 VALUE-NEXT 10 PAY $8",TheWealthMaker27797,Carding,Carding,,TRUE
Guides & Tutorials,101712,TradeRoute,William Powell's The Anarchist Cookbook 1989,pckabml143100,Weaponry & Explosives,Weaponry & Explosives,,TRUE
Guides & Tutorials,96702,TradeRoute,◆ MAKE A MILLION TRADING,Dutchdream22795,Other,Other,,TRUE
Information,132432,TradeRoute,♕ How To Be A Pro Carder ♕,TheShop131697,Carding,Carding,,TRUE
E-books,132518,TradeRoute,★The Ultimate Cashout Guide Pack-2017★,geekgorilla7100,Cashing Out,Cashing Out,,TRUE
E-Books,288314,Hansa,Drivers License ID Templates - All US States - PSD Templates,DigitalDealer,Resources – Identity Documents,Resources – Identity Documents,,TRUE
Guides & Tutorials,143449,TradeRoute,★ Complete Video Method CC TO BTC ★,best4u5192,Carding,Cashing Out,,FALSE
E-Books,291209,Hansa,★★★ Bypass 3D SECURE - SUCCESS CARDING + BONUS ★★★ 100% WORKING ★★★ CHEAP ★★★ VERY EASY.,Medon,Carding,Carding,,TRUE
Digital EBooks,282774,Apple Market,Cannabis Alchemy: The Art of Modern Hashmaking,captainkirk,Drugs – General,Drugs – Production,,FALSE
Guides & Tutorials,157066,TradeRoute,Paypal to BTC Working Method JULY 2017,MoneyMule217898,Cashing Out,Cashing Out,,TRUE
Guides & Tutorials,162194,TradeRoute,Udemy - The Complete Bitcoin Course,Junkiepig66630498,Cryptocurrency – General,Cryptocurrency – General,,TRUE
Information,159524,TradeRoute,Mail.ru accounts,forum1591,Resources – Contact Lists,Fraud,,FALSE
Guides & Tutorials,103238,TradeRoute,★ MAKE MONEY WITH BITCOINS - Guide Pack ★,hocker1191,Cryptocurrency – General,Cryptocurrency – General,,TRUE
E-books,139566,TradeRoute,Lolita: Vladimir Nabokov,captainkirk0--,eBooks – Other,eBooks – Other,,TRUE
Guides & Tutorials,120196,TradeRoute,Check Fraud Unversity(Clone),DollarsnPounds6100,Fraud,Fraud,,TRUE
Digital EBooks,282658,Apple Market,Introduction to Programming in Python An Interdisciplinary 2015,pckabml,eBooks – Tech,eBooks – Tech,,TRUE
E-books,137793,TradeRoute,Before Babylon Beyond Bitcoin 2017,pckabml143100,Cryptocurrency – General,Cryptocurrency – General,,TRUE
Guides & Tutorials,93741,TradeRoute,ULTIMATE CARDING UNIVERSITY CASHOUT PAYPAL/CC to BTC/WU,Poison86899,Carding,Cashing Out,,FALSE
E-books,150790,TradeRoute,Psilocybin Mushroom Handbook,captainkirk0--,Drugs – General,Drugs – General,,TRUE
Information,120881,TradeRoute,Cardable casino,Hotmilk141197,Carding,Carding,,TRUE
Guides & Tutorials,96149,TradeRoute,How to: SOCKS to change your IP to cash out any CVV,nbholmz10096,Anonymity – Proxies,Cashing Out,,FALSE
E-books,144840,TradeRoute,Carding - How to make Track1 from Track2 + ICQ Secret Group,steemdude75097,Carding,Carding,,TRUE
E-Books,288244,Hansa,Nike Carding Method 2016,DigitalDealer,Carding,Carding,,TRUE
E-books,142982,TradeRoute,Homemade C-4: A Recipe For Survival,captainkirk0--,Weaponry & Explosives,Weaponry & Explosives,,TRUE
Security,156670,TradeRoute,The Basics of Digital Privacy Simple Tools to Protect,pckabml135100,Anonymity – Other,Anonymity – Other,,TRUE
Digital EBooks,282674,Apple Market,Make DIY Drone and Quadcopter Projects 2016,pckabml,eBooks – Tech,eBooks – Other,,FALSE
Guides & Tutorials,143260,TradeRoute,How To Become A Fake Uber Driver - Make $725+ Per Week,drunkninja170697,Fraud,Fraud,,TRUE
Guides & Tutorials,114159,TradeRoute,How To Make MDMA,PrawnCracker32299,Drugs – Production,Drugs – Production,,TRUE
Guides & Tutorials,108740,TradeRoute,HOW TO TRANSFER FROM PAYPAL CREDIT ACCOUNTS,TopNotchMoneyMaker68697,Cashing Out,Cashing Out,,TRUE
Security,160483,TradeRoute,MULTI-HACKER #1 ONLINE HACKING SYSTEM 2017,TopNotchMoneyMaker68497,Hacking – Website,Hacking – General,,FALSE
Information,95913,TradeRoute,CREDIT CARD TO BITCOIN - VIDEO PROOF GET 2+ BTC DAILY,TheWealthMaker27797,Cashing Out,Cashing Out,,TRUE
E-Books,288274,Hansa,Fake Notes and Fake Currency PSD Templates for €100,DigitalDealer,Counterfeit Currency,Counterfeit Currency,,TRUE
E-Books,288345,Hansa,Phishing Pages Megapack,DigitalDealer,Fraud,Fraud,,TRUE
E-books,148435,TradeRoute,MAKE BIG MONEY WITH BANK LOGINS,Torso216098,Carding,Fraud,,FALSE
Guides & Tutorials,138731,TradeRoute,★ PSYCHEDELIC MUSHROOMS GROWING GUIDE PACK ★,TheShop133597,Drugs – Production,Drugs – Production,,TRUE
Guides & Tutorials,92869,TradeRoute,A Complete MDMA Synthesis for The First Time Chemist,Junkiepig66630498,Drugs – Production,Drugs – Production,,TRUE
Guides & Tutorials,131820,TradeRoute,Carding EBAY Mega PACK GUIDES,l33ter129398,Carding,Carding,,TRUE
Guides & Tutorials,112407,TradeRoute,Cash from CC using Westorn Union,blackdawg3999,Cashing Out,Cashing Out,,TRUE
Guides & Tutorials,93342,TradeRoute,How to Make Speed [WITH PHOTOS],MicroDroper62100,Drugs – Production,Drugs – Production,,TRUE
Security,104727,TradeRoute,★ SOCKS5 SERVICE ★ CLEAN IP ★ 2 SOCKS5 ★,DrCobb12198,Anonymity – Proxies,Anonymity – Proxies,,TRUE
E-books,95105,TradeRoute,Romeo and Juliet by William Shakespeare,Junkiepig66630498,eBooks – Other,eBooks – Other,,TRUE
Guides & Tutorials,127556,TradeRoute,♕ Unviersity of Carding | In Depth Carding Guide ♕,Null65097,Carding,Carding,,TRUE
E-Books,297119,Hansa,Western Union -Working Bin List Secret Revealed -  Detailed Guide how to convert your CC's to Cash/B,dawn676,Carding,Cashing Out,,FALSE
Security,284829,Hansa,GUIDE TO POSTAL SMUGGLING,bank,Transportation/Stealth,Transportation/Stealth,,TRUE
Digital EBooks,282778,Apple Market,Sierra A Take Control Crash Course 2016,pckabml,eBooks – Tech,eBooks – Tech,,TRUE
Guides & Tutorials,148216,TradeRoute,Cashing out CC by E-Gift Cards. FREE,Dutchdream22595,Cashing Out,Cashing Out,,TRUE
Guides & Tutorials,155355,TradeRoute,Mugshot or image Removal from the internet,etimbuk7591,Clearing Criminal History,Clearing Criminal History,,TRUE
E-Books,284748,Hansa,How to withdraw CC - MoneyGram - Handwritten Book-Useful for beginners,dawn676,Carding,Cashing Out,,FALSE
E-books,127993,TradeRoute,Marijuana A Reference Handbook 2nd edition 2017,pckabml143100,Drugs – General,Drugs – General,,TRUE
E-books,115824,TradeRoute,Undetectable Hand Grenades,captainkirk0--,Weaponry & Explosives,Weaponry & Explosives,,TRUE
E-Books,296989,Hansa,Hacking Exposed Wireless Wireless Security Secrets and Solutions 3rd edition 2015,pckabml,Hacking – Wireless Networks,Hacking – Wireless Networks,,TRUE
Guides & Tutorials,117386,TradeRoute,★ 7 STEPS TO TOTAL FINANCIAL FITNESS ★,TheShop130697,Other,Other,,TRUE
Guides & Tutorials,99405,TradeRoute,How To Become A Fake Uber Driver - Make $725+ Per Week,PinkQueen142997,Fraud,Fraud,,TRUE
Information,133382,TradeRoute,♕ CARDING MEGAPACK ♕,TheShop130597,Carding,Carding,,TRUE
Guides & Tutorials,115365,TradeRoute,INTRODUCTION OF HOW TO CASHOUT PAYPAL,l33ter128598,Cashing Out,Cashing Out,,TRUE
E-Books,284647,Hansa,LSD - Complete Fbi Blotter Microgram Analysis Manual (1987)Almost Free,OnePiece,Drugs – General,Drugs – General,,TRUE
Digital EBooks,282709,Apple Market,Pro SQL Server Always On Availability Groups 2016,pckabml,eBooks – Tech,eBooks – Tech,,TRUE
Guides & Tutorials,156690,TradeRoute,"BANNED eBooks: Meth Secrets, Grow Weed, Mushrooms & MORE",TheWealthMaker27897,Drugs – Production,Drugs – Production,,TRUE
Digital EBooks,282782,Apple Market,Successful Analytics Managing Google Analytics 2015,pckabml,eBooks – Tech,eBooks – Tech,,TRUE
Guides & Tutorials,111204,TradeRoute,How to extract cocaine from Paper or Paperboard,colombiaconnection198399,Transportation/Stealth,Transportation/Stealth,,TRUE
Guides & Tutorials,137603,TradeRoute,Updated Dating Scam Old but still working method 2014,best4u5192,Fraud,Fraud,,TRUE
Guides & Tutorials,131862,TradeRoute,How to: SOCKS to change your IP to cash out any CVV,nbholmz10096,Anonymity – Proxies,Cashing Out,,FALSE
Guides & Tutorials,131124,TradeRoute,Carding University,stevejobs66631299,Carding,Carding,,TRUE
Information,122585,TradeRoute,★ HOW TO MAKE HEROIN ★,TheShop131697,Drugs – Production,Drugs – Production,,TRUE
E-Books,285878,Hansa,✔ ⟁ 600 iBooks for iPhone & iPad ⟁ (͠≖ ͜ʖ͠≖),ElCartel,eBooks – Other,eBooks – Other,,TRUE
Guides & Tutorials,144539,TradeRoute,"BIGGEST 2017 FRAUD PACK?60,000 ITEMS 27 GB",hocker1191,Fraud,Fraud,,TRUE
Guides & Tutorials,119704,TradeRoute,NEW SUNTRUST BANK CASHOUT GUIDE - NOOB FRIENDLY,TopNotchMoneyMaker68897,Cashing Out,Cashing Out,,TRUE
E-books,134308,TradeRoute,MDMA How To Make It,captainkirk0--,Drugs – Production,Drugs – Production,,TRUE
Digital EBooks,282620,Apple Market,Drone Warfare and Lawfare in a Post Heroic Age 2016,pckabml,Other,eBooks – Other,,FALSE
Security,140440,TradeRoute,★ SOCKS5 SERVICE ★ CLEAN IP ★ 2 SOCKS5 ★,DrCobb12198,Anonymity – Proxies,Anonymity – Proxies,,TRUE
E-books,124894,TradeRoute,Marijuana Growing Ebook Collection,captainkirk0--,Drugs – Production,Drugs – Production,,TRUE
E-books,94391,TradeRoute,[INSTANT] Interview Questions in Business Analytics [eBOOK],UnleashClearLoyalty84998,eBooks – Other,eBooks – Other,,TRUE
Information,144738,TradeRoute,♕ CC to MoneyGram - 2 Methods ♕,TheShop131697,Cashing Out,Cashing Out,,TRUE
Guides & Tutorials,139209,TradeRoute,Basic Carding Tutorial With CVV2,Kaptein66294,Carding,Carding,,TRUE
Guides & Tutorials,138053,TradeRoute,"★ 2017 COMPLETE FRAUD BIBLE ★ 75,000 ITEMS ★ 31.5 GB",RBPshop83399,Fraud,Fraud,,TRUE
Guides & Tutorials,109924,TradeRoute,Build a Stresser - Linux DDoS,l33ter129198,Denial of Service,Denial of Service,,TRUE
Security,151697,TradeRoute,How to Make Thermite,Aracay152100,Weaponry & Explosives,Weaponry & Explosives,,TRUE
Guides & Tutorials,118685,TradeRoute,"CC, paypal visa to BTC cashout methode 3 pack",xfuckx43098,Cashing Out,Cashing Out,,TRUE
Guides & Tutorials,138348,TradeRoute,★ MULTIPLY YOUR BITCOINS  8X V1 ★,BitcoinThief3697,Cryptocurrency – General,Cryptocurrency – General,,TRUE
E-books,103533,TradeRoute,CASHOUT USA FULLZ TO BITCOIN SAME DAY,Torso216098,Cashing Out,Cashing Out,,TRUE
Digital EBooks,282693,Apple Market,Oracle Application Express Administration For DBAs & Developers,pckabml,eBooks – Tech,eBooks – Tech,,TRUE
Guides & Tutorials,122276,TradeRoute,DoubleBTC in ONE DAY BitcoinThief LEAKED GUIDE,leakedguy18100,Cryptocurrency – General,Cryptocurrency – General,,TRUE
Guides & Tutorials,101829,TradeRoute,"carding tutorail get started, _bick package extra for free",Dutchdream22795,Carding,Carding,,TRUE
E-books,108108,TradeRoute,PAYPAL BIBLE FROM EXPERIENCED CARDERS 100% SUCCESS,steemdude74098,Carding,Carding,,TRUE
E-books,113747,TradeRoute,Dummies E-Book ULTRA Collection - 9GB - 978 E-Books,ProfessorDark20198,eBooks – Other,eBooks – Tech,,FALSE
E-books,140479,TradeRoute,How To Pass Your Fake ID,thekindcalf16100,Resources – Identity Documents,Resources – Identity Documents,,TRUE
E-books,151085,TradeRoute,Lord of the Rings - Complete Collection,Junkiepig66630498,eBooks – Other,eBooks – Other,,TRUE
Guides & Tutorials,161169,TradeRoute,ADVANCED COMPUTER SETUP FOR CARDING.,l33ter127698,Carding,Carding,,TRUE
Security,133603,TradeRoute,Three Steps To Handle A Subpoena & Protect Your Privacy,Aracay152100,Anonymity – Other,Anonymity – Other,,TRUE
Information,106702,TradeRoute,[TUTO FR] Comment se faire $500 / jour (CC to BTC),SplashStars3797,Cashing Out,Cashing Out,,TRUE
Guides & Tutorials,110053,TradeRoute,How to Scam Free Stuff Off Credit Cards (current/tested),TopHatMan9100,Fraud,Fraud,,TRUE
Security,297184,Hansa,Hacking and Securing Web Applications 2015,pckabml,Hacking – Website,Hacking – Website,,TRUE
Information,137087,TradeRoute,▓▒░★ COLLEGE OF FRAUD ★░▒▓,Torso216098,Fraud,Fraud,,TRUE
Guides & Tutorials,99439,TradeRoute,Coinbase|WesternUnion|BankTransfer| CASHOUT GUIDE.,tickler7100,Cashing Out,Cashing Out,,TRUE
Guides & Tutorials,159856,TradeRoute,CC And Paypal To Bitcoin,drunkninja170497,Cashing Out,Cashing Out,,TRUE
Guides & Tutorials,144050,TradeRoute,AMAZING The Ultimate Asset Protection & Privacy,l33ter129198,Anonymity – Other,Anonymity – Other,,TRUE
Security,93862,TradeRoute,4 x VPN accounts for LIFE!,ProfessorDark19998,Anonymity – VPN,Anonymity – VPN,,TRUE
Guides & Tutorials,136493,TradeRoute,CYBERCRIME UK VIRTUAL CARDING V.3,Torso216398,Carding,Carding,,TRUE
Guides & Tutorials,116398,TradeRoute,Apple Carding Simple Method,l33ter129098,Carding,Carding,,TRUE
Guides & Tutorials,160878,TradeRoute,CC to BTC Guide+Tips-May 2017 Working Method!!Very Easy!,Kaptein66494,Cashing Out,Cashing Out,,TRUE
Guides & Tutorials,145665,TradeRoute,★ CARDING UNIVERSITY FROM HELL 666(FULL VERSION) ★,BitcoinThief3697,Carding,Carding,,TRUE
Guides & Tutorials,144453,TradeRoute,HOW TO TRANSFER FROM PAYPAL CREDIT ACCOUNTS,TopNotchMoneyMaker68697,Cashing Out,Cashing Out,,TRUE
Guides & Tutorials,143784,TradeRoute,GUIDE: CC to BTC Shortest Method (100% suucess rate),mirage126497,Carding,Cashing Out,,FALSE
Guides & Tutorials,107507,TradeRoute,VMware Software for Carding + KEY Original Price $299,MoneyMule217198,Carding,Carding,,TRUE
E-Books,288346,Hansa,FRAUD SUPER PACK OF BOOKS,DigitalDealer,Fraud,Fraud,,TRUE
Guides & Tutorials,134589,TradeRoute,♕ DELL Carding Method ♕,TheShop131797,Carding,Carding,,TRUE
E-Books,296126,Hansa,Raising Witches,captainkirk,eBooks – Other,eBooks – Other,,TRUE
Information,136313,TradeRoute,★ HOW TO PASS A DRUG TEST ★,TheShop130597,Drugs – General,Drugs – General,,TRUE
Security,94219,TradeRoute,TOR Beginners to Expert Guide 2017,pckabml139100,Anonymity – Tor,Anonymity – Tor,,TRUE
Guides & Tutorials,153092,TradeRoute,CARDING DELL GUIDE,l33ter127898,Carding,Carding,,TRUE
Guides & Tutorials,106212,TradeRoute,How To Scam On LocalBitcoins,cent11598,Fraud,Fraud,,TRUE
E-Books,296385,Hansa,!! Secret Strategy -- OVER 2000$ IN JUST HALF AN HOUR !!,btcthief,Other,Other,,TRUE
Guides & Tutorials,158208,TradeRoute,How To Grow Magic Mushrooms,drunkninja171497,Drugs – Production,Drugs – Production,,TRUE
E-books,158069,TradeRoute,"""7 in ONE"" VERY EXCLUSIVE PACKAGE ! *VIP* BEST PRICE",BarryBusiness38399,Other,Other,,TRUE
E-books,97896,TradeRoute,Search Engine Optimization SEO,DiGiMON116100,SEO,SEO,,TRUE
Security,285388,Hansa,Bootable and Encrypted Whonix VM on 8GB USB Stick+,bank,Anonymity – Proxies,Anonymity – Other,,FALSE
Guides & Tutorials,149386,TradeRoute,A Beginners Guide To Hacking Computer Systems,Europe7598,Hacking – General,Hacking – General,,TRUE
Information,93587,TradeRoute,[TUTO FR] Vérifier le solde d'une CC / CC check,SplashStars3797,Carding,Carding,,TRUE
E-books,148454,TradeRoute,Handbook of Digital Currency Bitcoin Innovation 2015,pckabml143100,Cryptocurrency – General,Cryptocurrency – General,,TRUE
Guides & Tutorials,144106,TradeRoute,"Carding, Every  shop is cardable, interesting explication",l33ter129198,Carding,Carding,,TRUE
Guides & Tutorials,128074,TradeRoute,Bannedbooks Carding University,BlackSapphire5100,Carding,Carding,,TRUE
E-Books,284404,Hansa,How to make GHB [Open Drugs] GHB Manual,OnePiece,Drugs – Production,Drugs – Production,,TRUE
Guides & Tutorials,116035,TradeRoute,CC to cash very easily,blackdawg3699,Cashing Out,Cashing Out,,TRUE
Security,296292,Hansa,Computer Forensics InfoSec Pro Guide 2013,pckabml,Digital Forensics,Digital Forensics,,TRUE
E-Books,296062,Hansa,Dupont Blasters Handbook,captainkirk,eBooks – Other,eBooks – Other,,TRUE
Guides & Tutorials,116735,TradeRoute,★★ The Hacker’s Underground Handbook  ★★,Null63997,Hacking – General,Hacking – General,,TRUE
Guides & Tutorials,109564,TradeRoute,How To Launder Bitcoin,PinkQueen143697,Cashing Out,Cashing Out,,TRUE
Digital EBooks,282725,Apple Market,Protect Your Digital Life The Online Security Guide 2016,pckabml,eBooks – Tech,eBooks – Tech,,TRUE
Guides & Tutorials,162760,TradeRoute,How To Make Fireworks,Junkiepig66630498,Other,Other,,TRUE
E-books,129571,TradeRoute,Mastering Witchcraft: A Practical Guide for Witches,captainkirk0--,eBooks – Other,eBooks – Other,,TRUE
Information,110220,TradeRoute,VMware Software for Carding + KEY Original Price $299,MoneyMule217198,Carding,Carding,,TRUE
Guides & Tutorials,105695,TradeRoute,Remove Negative Items From Your Credit Report Permanently,etimbuk7591,Modifying Credit,Modifying Credit,,TRUE
Information,97409,TradeRoute,★ [2017] CC to BTC Cashout 2.0 RELOADED ★,TheShop131697,Cashing Out,Cashing Out,,TRUE
Guides & Tutorials,129783,TradeRoute,✪✪✪ ULTIMATE CC TO BTC GUIDE✪✪✪,alpha_xxx4293,Carding,Cashing Out,,FALSE
Information,151851,TradeRoute,♕ DELL Carding Method ♕,TheShop132197,Carding,Carding,,TRUE
Guides & Tutorials,123569,TradeRoute,Bitcoin Cash Machine V3,Gunbot16694,Cryptocurrency – General,Cryptocurrency – General,,TRUE
Guides & Tutorials,123311,TradeRoute,EARN $1000's TRADING FOREX & CRYPTOS★100% LEGAL,randominion187799,Cryptocurrency – Trading,Cryptocurrency – Trading,,TRUE
Digital EBooks,282879,Apple Market,"Ebooks of Hacking, Carding and much more",lucifer21732173,Hacking – General,Hacking – General,,TRUE
Information,146943,TradeRoute,+++ How to FUCK VIsa verification ( VBV checking ),Hotmilk140897,Carding,Carding,,TRUE
Guides & Tutorials,149579,TradeRoute,How To Order From Cracked Amazon Accounts,drunkninja168797,Fraud,Fraud,,TRUE
Guides & Tutorials,129690,TradeRoute,▓▒░★ COLLEGE OF FRAUD ★░▒▓,Torso216398,Fraud,Fraud,,TRUE
Guides & Tutorials,119705,TradeRoute,amazon carding 2k17 (Updated method),probitexchange6100,Carding,Carding,,TRUE
Guides & Tutorials,130412,TradeRoute,CARDING BANK TRANSFERS 100% working method,tickler8100,Carding,Carding,,TRUE
Guides & Tutorials,160651,TradeRoute,ALIEXPRES CARD METHOD,Kaptein65794,Carding,Carding,,TRUE
E-books,142378,TradeRoute,Reactive Android Programming 2017,pckabml135100,eBooks – Tech,eBooks – Tech,,TRUE
Guides & Tutorials,103552,TradeRoute,★ [2017] CC to BTC Cashout 2.0 RELOADED ★,TheShop132297,Cashing Out,Cashing Out,,TRUE
E-books,126984,TradeRoute,A Guidebook To The Psilocybin Mushrooms Of Mexico,captainkirk0--,Drugs – General,Drugs – General,,TRUE
E-Books,296034,Hansa,How To Solve Almost Any Sexual Problem The Easy Way,captainkirk,eBooks – Other,eBooks – Other,,TRUE
Guides & Tutorials,115730,TradeRoute,How to Purify Cocaine!!! Easy Method!!!,Junkiepig66630498,Drugs – Production,Drugs – Production,,TRUE
Guides & Tutorials,135983,TradeRoute,Apple Carding 2017,crazycoke35397,Carding,Carding,,TRUE
E-Books,294326,Hansa,Against the Gods (buy 1 get 1 free),OnePiece,eBooks – Other,eBooks – Other,,TRUE
Guides & Tutorials,159165,TradeRoute,OzRort's School of Swindle - Hacking RDPs,OzRort108100,Hacking – General,Fraud,,FALSE
Guides & Tutorials,105846,TradeRoute,"★ [2017] CARDABLE SITES LIST (+20,000!) byTheShop™ ★",TheShop133597,Carding,Carding,,TRUE
E-books,152196,TradeRoute,"Drug Tutorials (Dmt, Cocaine, Heroin, Mdma, Meth)(Clone)",OnePiece36100,Drugs – General,Drugs – General,,TRUE
E-Books,288468,Hansa,All Perl Scripts for DoS You Could Ever Imagine -  Good buy for those who know PERL SCRIPT,dawn676,Denial of Service,Denial of Service,,TRUE
Guides & Tutorials,99466,TradeRoute,★ [v.1 Sources] ★  [VPN+RDP+SOCKS5+MORE....] ★,BlackGohan37100,Anonymity – VPN,Anonymity – VPN,,TRUE
Guides & Tutorials,139308,TradeRoute,How To Scam On LocalBitcoins,hgh_somatropin5100,Fraud,Fraud,,TRUE
Guides & Tutorials,157119,TradeRoute,CARDING BANK TRANSFERS 100% working method,fence16693,Carding,Carding,,TRUE
E-Books,297189,Hansa,The Whole Drug Manufacturer's Catalog,Heisenbarg,Drugs – Production,Drugs – Production,,TRUE
E-Books,296551,Hansa,absorption_of_nitrous_gases,color,eBooks – Other,eBooks – Other,,TRUE
E-Books,288323,Hansa,"Phishing Pages, Hacking Tools, DDOS Tools and Cracking Tools MEGA-SUPER-GOLDEN PACK!!!",DigitalDealer,Fraud,Hacking – General,,FALSE
Security,121631,TradeRoute,MAKE BIG MONEY WITH BANK LOGINS,Torso216098,Carding,Fraud,,FALSE
Guides & Tutorials,154577,TradeRoute,♕ How To: Carding Microsoft ♕,TheShop131697,Carding,Carding,,TRUE
E-books,126591,TradeRoute,11 SEO Mistakes You Must Avoid On Your Website,Aracay152100,SEO,SEO,,TRUE
Guides & Tutorials,97175,TradeRoute,How To Hack a Coca Cola Machine,PinkQueen143197,Hacking – General,Hacking – General,,TRUE
E-books,158771,TradeRoute,THE WIFI HACKING BIBLE 2017,stevejobs66630599,Hacking – Wireless Networks,Hacking – Wireless Networks,,TRUE
Guides & Tutorials,115384,TradeRoute,How To Card Dell,drunkninja170497,Carding,Carding,,TRUE
E-books,141138,TradeRoute,Statistics for Machine Learning 2017,pckabml135100,eBooks – Tech,eBooks – Tech,,TRUE
E-Books,295949,Hansa,Aleister Crowley - The Book of Lies,captainkirk,eBooks – Other,eBooks – Other,,TRUE
Guides & Tutorials,133037,TradeRoute,★ HOW TO MAKE MDMA ★,TheShop131697,Drugs – Production,Drugs – Production,,TRUE
Information,148026,TradeRoute,♕ How To Make Cocaine ♕,TheShop132197,Drugs – Production,Drugs – Production,,TRUE
Guides & Tutorials,108511,TradeRoute,Bitcoin Beginners Guide,Aracay152100,Cryptocurrency – General,Cryptocurrency – General,,TRUE
E-books,137314,TradeRoute,Bitcoin: The Future of Money? - Audio Book,Junkiepig66630498,Cryptocurrency – General,Cryptocurrency – General,,TRUE
E-Books,285507,Hansa,THE ULTIMATE BITCOIN MONEY MAKING GUIDE,rochies,eBooks – Other,eBooks – Other,,TRUE
Guides & Tutorials,139347,TradeRoute,★AMAZON REFUND SCAM!!!!!★,best4u5192,Fraud,Fraud,,TRUE
E-books,132991,TradeRoute,Dumps Carding Tutorial PACK+ICQ Secret Group (For Dumps+Pin),steemdude75198,Carding,Carding,,TRUE
E-books,123966,TradeRoute,Drugs The Straight Facts Alzheimer's Disease and Memory,love2xlr811992,Drugs – General,Drugs – General,,TRUE
Guides & Tutorials,110111,TradeRoute,★CVV to BTC Shortest Method (100% suucess rate)★,FraudBanner109038098,Cashing Out,Cashing Out,,TRUE
Guides & Tutorials,127957,TradeRoute,★ The Men's Fitness Exercise Bible ★,TheShop132297,Other,eBooks – Other,,FALSE
Security,284324,Hansa,Exchanging Files with PGP,OnePiece,PGP/GPG,PGP/GPG,,TRUE
Guides & Tutorials,161667,TradeRoute,[TUTO FR] Comment se faire $500 / jour (CC to BTC),SplashStars3797,Cashing Out,Cashing Out,,TRUE
Information,162599,TradeRoute,AMAZON REFUND SCAM GET iPHONE OR SAMSUNG S8 FREE 2017,MoneyMule217298,Fraud,Fraud,,TRUE
Information,142897,TradeRoute,"List Of Cardable Sites (20,000+)",PinkQueen140397,Carding,Carding,,TRUE
Guides & Tutorials,153251,TradeRoute,How To Make Heroin [WITH PHOTOS],MicroDroper50100,Drugs – Production,Drugs – Production,,TRUE
Guides & Tutorials,98000,TradeRoute,GUNSMITHING 101 - Make Guns And Gun Accessories,TopNotchMoneyMaker68997,Weaponry & Explosives,Weaponry & Explosives,,TRUE
Guides & Tutorials,153225,TradeRoute,Take Back Your Privacy The Barefoot Anarchist's Guide 2016,Null63897,Anonymity – Other,Anonymity – Other,,TRUE
Guides & Tutorials,130416,TradeRoute,carding  Etsy online marketplace,probitexchange6100,Carding,Carding,,TRUE
Digital EBooks,282883,Apple Market,The Majesty of Vue.js 2016,pckabml,eBooks – Other,eBooks – Tech,,FALSE
E-books,139367,TradeRoute,50 Recipes for Programming Node.js Volume 1 2017,pckabml142100,eBooks – Tech,eBooks – Tech,,TRUE
Guides & Tutorials,143298,TradeRoute,Ultimate Hacking Megapack 14gb,OnePiece37100,Hacking – General,Hacking – General,,TRUE
Guides & Tutorials,137613,TradeRoute,How To Make Money Trading Cryptocurrency,PinkQueen140797,Cryptocurrency – Trading,Cryptocurrency – Trading,,TRUE
E-Books,294496,Hansa,"Engles, The Peasant Question in France and Germany",OnePiece,eBooks – Other,eBooks – Other,,TRUE
Guides & Tutorials,106884,TradeRoute,Amphetamine Syntheses Overview & Reference Guide for Profess,Junkiepig66630498,Drugs – Production,Drugs – Production,,TRUE
Information,155349,TradeRoute,CCleaner PRO -- INCREASE YOUR SUCCESS IN CARDING,SplashStars3197,Carding,Carding,,TRUE
Guides & Tutorials,157745,TradeRoute,★ The Best Fraud and Bitcoin Grabbing Techniques ★,Emersonsuite225100,Fraud,Fraud,,TRUE
Security,147690,TradeRoute,Advanced Persistent Threat Hacking The Art 2015,geekgorilla7100,Hacking – General,Hacking – General,,TRUE
eBooks,298609,Silk3,Coding for Beginners in easy steps Basic Programming for All Age,junkiepig666,eBooks – Tech,eBooks – Tech,,TRUE
E-books,130818,TradeRoute,Romeo and Juliet by William Shakespeare,Junkiepig66630498,eBooks – Other,eBooks – Other,,TRUE
E-books,135863,TradeRoute,Aleister Crowley - The Book of Thoth [DW010],DigitalWisdom2990,eBooks – Other,eBooks – Other,,TRUE
Guides & Tutorials,123806,TradeRoute,Guide To Postal Smuggling,drunkninja170697,Transportation/Stealth,Transportation/Stealth,,TRUE
E-books,121062,TradeRoute,Digital Gold: Bitcoin and the Inside Story of the Misfits an,Junkiepig66630498,Cryptocurrency – General,Cryptocurrency – General,,TRUE
Guides & Tutorials,117132,TradeRoute,3 ways to cashout a credit card,Kaptein66694,Cashing Out,Cashing Out,,TRUE
E-books,131687,TradeRoute,Hacking Exposed Wireless,captainkirk0--,Hacking – Wireless Networks,Hacking – Wireless Networks,,TRUE
Guides & Tutorials,140530,TradeRoute,✪✪✪Hotels Guide (2017) Carder Academy *HQ*✪✪✪,alpha_xxx4293,Carding,Carding,,TRUE
Security,115985,TradeRoute,How to Make Thermite,Aracay152100,Weaponry & Explosives,Weaponry & Explosives,,TRUE
Guides & Tutorials,113346,TradeRoute,CARDING LESSONS,xfuckx44998,Carding,Carding,,TRUE
E-books,97900,TradeRoute,#1 New York Times BestSeller | You Are Bad@SS,UnleashClearLoyalty84898,eBooks – Other,eBooks – Other,,TRUE
Information,161611,TradeRoute,ALL 50 STATES DRIVERS LICENSE TEMPLATES,TopNotchMoneyMaker68497,Resources – Identity Documents,Resources – Identity Documents,,TRUE
Guides & Tutorials,128394,TradeRoute,CARDING TUTORIALS - ALL HERE -,ProfessorDark20198,Carding,Carding,,TRUE
E-books,116336,TradeRoute,★ How To Make a Girl Squirt ★,TheShop131697,Other,Other,,TRUE
E-Books,292928,Hansa,Collection Of Banned Books,DrunkDragon,eBooks – Other,eBooks – Other,,TRUE
Guides & Tutorials,145277,TradeRoute,How To Launder Bitcoin,PinkQueen143697,Cashing Out,Cashing Out,,TRUE
E-Books,288470,Hansa,All Perl Scripts for DoS You Could Ever Imagine -  Good buy for those who know PERL SCRIPT,dawn676,Denial of Service,Denial of Service,,TRUE
Guides & Tutorials,159694,TradeRoute,The Cannabis Grow Bible,Aracay152100,Drugs – Production,Drugs – Production,,TRUE
E-books,106720,TradeRoute,Bitcoin Milionaire VOL. II ★MUST HAVE!!!★,Torso215398,Cryptocurrency – General,Cryptocurrency – General,,TRUE
Guides & Tutorials,133709,TradeRoute,★HOW TO CARD AMAZON!!!,best4u5192,Carding,Carding,,TRUE
E-Books,297547,Hansa,Ayahuasca Cookbook Almost Free,OnePiece,Drugs – Production,Drugs – Production,,TRUE
Digital EBooks,282780,Apple Market,Straight to Hell True Tales of Deviance Debauchery 2015,pckabml,eBooks – Other,eBooks – Other,,TRUE
Guides & Tutorials,94388,TradeRoute,★ The Dark Art Of Death ★,l33ter127998,Other,Other,,TRUE
E-books,95973,TradeRoute,CC TO BTC - VIDEO PROOF GET 2+ BTC DAILY,TopNotchMoneyMaker69197,Cashing Out,Cashing Out,,TRUE
Security,96827,TradeRoute,PayPal Cashout + PayPal to BTC V.2  + [8 videos],Torso212398,Cashing Out,Cashing Out,,TRUE
E-books,96971,TradeRoute,LSD-25 and Tryptamine Syntheses Overview & Reference G,captainkirk0--,Drugs – Production,Drugs – Production,,TRUE
Information,113082,TradeRoute,Cardable CASINO Sites 2017,steemdude76397,Carding,Carding,,TRUE
Guides & Tutorials,135936,TradeRoute,"CC, paypal visa to BTC cashout methode 1 pack",xfuckx44998,Cashing Out,Cashing Out,,TRUE
E-Books,297534,Hansa,A Chemical Love Story Almost Free (buy 1 get 1 free),OnePiece,Drugs – General,Drugs – General,,TRUE
Guides & Tutorials,99225,TradeRoute,How To Hack Any Gmail Account,PinkQueen140797,Hacking – Website,Hacking – Website,,TRUE
Digital EBooks,282871,Apple Market,"12,000+ Kindle Book Pack",TheCousteauMotorcyclist,eBooks – Other,eBooks – Other,,TRUE
Digital EBooks,282650,Apple Market,Idiots Guides Zen Doodling 2015,pckabml,eBooks – Other,eBooks – Other,,TRUE
Security,289423,Hansa,Operating System Forensics 2016,pckabml,Digital Forensics,Digital Forensics,,TRUE
eBooks,299199,Silk3,Otto Snow collection Amphetamine syntheses etc.,SpeedyGonzalez,Drugs – Production,Drugs – Production,,TRUE
Guides & Tutorials,152743,TradeRoute,Amphetamine Synthesis-Sources-Easy(with pics)with SOURCES,Orangeone6099,Drugs – Production,Drugs – Production,,TRUE
Security,156903,TradeRoute,Tor and The Dark Net 2016,pckabml143100,Anonymity – Tor,Anonymity – Tor,,TRUE
Guides & Tutorials,114263,TradeRoute,★WELLS FARGO CASHOUT GUIDE!!!★,best4u5192,Cashing Out,Cashing Out,,TRUE
Digital EBooks,282829,Apple Market,"Marijuana Chemistry: Genetics, Processing, Potency 2nd Edition",captainkirk,Drugs – General,Drugs – General,,TRUE
Guides & Tutorials,94754,TradeRoute,Contact info to a reputable CPN vendor for credit profiles,etimbuk7591,Modifying Credit,Modifying Credit,,TRUE
Guides & Tutorials,129538,TradeRoute,♕ HOW TO SELL DRUGS ♕,TheShop130597,Drugs – General,Drugs – General,,TRUE
Guides & Tutorials,143556,TradeRoute,How To Become A Fake Uber Driver - Make $725+ Per Week,thebestseller69099,Fraud,Fraud,,TRUE
Guides & Tutorials,129299,TradeRoute,2 AUTOPILOT Methods to Get free BTC  + Free Premium VPN,nbholmz9095,Anonymity – VPN,Anonymity – VPN,,TRUE
Security,288122,Hansa,Hacking the Future Privacy Identity & Anonymity on the Web 2012,pckabml,Anonymity – Other,Anonymity – Other,,TRUE
Security,298048,Hansa,The Basics of Digital Privacy Simple Tools to Protect Your Personal Information & Your Identity 2014,pckabml,Anonymity – Other,Anonymity – Other,,TRUE
Guides & Tutorials,133291,TradeRoute,Wanna Get Revenge? We can fuck anyone up for you,etimbuk7591,Other,Other,Feels like we should have an extra-category for this?  Physical Security?,TRUE
E-Books,297635,Hansa,"Pick-a-Book List: INFOSEC, PRIVACY and SECURITY",pckabml,eBooks – Tech,eBooks – Tech,,TRUE
Guides & Tutorials,96374,TradeRoute,NEW WELLS FARGO CASHOUT BYPASS SEC.,sarah3272396,Cashing Out,Cashing Out,,TRUE
E-Books,297644,Hansa,Pick-10-Book List: APPLE OS X,pckabml,eBooks – Tech,eBooks – Tech,,TRUE
Guides & Tutorials,155593,TradeRoute,How To Make A Phisher For A Website,l33ter127898,Fraud,Fraud,,TRUE
Guides & Tutorials,118451,TradeRoute,Ultimate Complete FRAUD Guide,LoneWolf8870--,Fraud,Fraud,,TRUE
Guides & Tutorials,149884,TradeRoute,2017 ULTIMATE MOBILE CARDING SETUP>>STOP FAILING AT CARDING,RBPshop81899,Carding,Carding,,TRUE
Information,150295,TradeRoute,Ultimate Celebrity Porn Leaks + The Fappening [Pics & Vids],fence16693,Other,Other,,TRUE
E-Books,294527,Hansa,"Julia Kristeva, The Sense and Non sense of Revolt",OnePiece,eBooks – Other,eBooks – Other,,TRUE
Guides & Tutorials,141657,TradeRoute,Steal your competitors Google traffic,etimbuk7591,SEO,SEO,,TRUE
Guides & Tutorials,120727,TradeRoute,Amazon Carding Guide,Junkiepig66630498,Carding,Carding,,TRUE
Guides & Tutorials,95316,TradeRoute,MINE MONERO (XMR) USING INFECTED COMPUTERS,TopNotchMoneyMaker68897,Cryptocurrency – General,Hacking – General,,FALSE
Guides & Tutorials,136394,TradeRoute,Simple method $50- $150 a day no investesment,l33ter127698,Other,Other,,TRUE
E-Books,297062,Hansa,Carding Guide For NOOBS ----- BASIC To Advanced -------,dawn676,Carding,Carding,,TRUE
E-Books,297617,Hansa,Pick-10-Book List: RUBY Programming and RAILS + SINATRA Frameworks,pckabml,eBooks – Tech,eBooks – Tech,,TRUE
E-Books,291298,Hansa,How to make a lighter gas bomb.rtf,darkmarket,Weaponry & Explosives,Weaponry & Explosives,,TRUE
Security,108628,TradeRoute,Machine Learning and Security early release 2017,pckabml143100,eBooks – Tech,eBooks – Tech,,TRUE
Information,111230,TradeRoute,+++ How to FUCK VIsa verification ( VBV checking ),Hotmilk140897,Carding,Carding,,TRUE
Guides & Tutorials,123517,TradeRoute,eBay Carding Tutorial,l33ter129498,Carding,Carding,,TRUE
Information,106703,TradeRoute,★ HOW TO MAKE MDMA ★,TheShop131797,Drugs – Production,Drugs – Production,,TRUE
Digital EBooks,282752,Apple Market,Securing SQL Server DBAs Defending the Database 2016,pckabml,eBooks – Tech,eBooks – Tech,,TRUE
Guides & Tutorials,130772,TradeRoute,CASH OUT CC to BTC 2017,best4u5192,Cashing Out,Cashing Out,,TRUE
Guides & Tutorials,147214,TradeRoute,Marijuana Horticulture: The Indoor/Outdoor Medical Grower's,Junkiepig66630398,Drugs – Production,Drugs – Production,,TRUE
Guides & Tutorials,133780,TradeRoute,BTGuard VPN Account,forum1792,Anonymity – VPN,Anonymity – VPN,,TRUE
E-books,151242,TradeRoute,CYBERCRIME UK VIRTUAL CARDING V.3,Torso212498,Carding,Carding,,TRUE
E-books,131991,TradeRoute,Hacking Wireless Networks for Dummies,captainkirk0--,Hacking – Wireless Networks,Hacking – Wireless Networks,,TRUE
Information,98658,TradeRoute,Bitcoin Cashout Guide,thekindcalf16100,Cashing Out,Cashing Out,,TRUE
Guides & Tutorials,139472,TradeRoute,♕Mastering Bitcoin♕ - Programming the Open Blockchain,Null63997,Cryptocurrency – General,Cryptocurrency – General,,TRUE
E-books,150999,TradeRoute,Raspberry Pi 3 Projects for Java Programmers 2017,pckabml139100,eBooks – Tech,eBooks – Tech,,TRUE
E-books,160689,TradeRoute,100 Ways To Disappear And Live Free,captainkirk0--,Anonymity – Other,Anonymity – Other,,TRUE
Guides & Tutorials,140149,TradeRoute,Basic Carding for Noobs,TheDigital13599,Carding,Carding,,TRUE
Information,147956,TradeRoute,★ ♕ PP & CC / CVV Cashout 2017 [LATEST] ♕ ★,TheShop132197,Cashing Out,Cashing Out,,TRUE
Guides & Tutorials,99691,TradeRoute,Apple Scam Phishing Website,l33ter128798,Fraud,Fraud,,TRUE
Guides & Tutorials,152058,TradeRoute,100 Hacks to Make More Money for Your Business,Junkiepig66630498,eBooks – Other,eBooks – Other,,TRUE
E-books,147950,TradeRoute,How To Get Chicks Keep Em Dump Em And Get Em Back Again,captainkirk0--,Other,Other,,TRUE
Guides & Tutorials,110621,TradeRoute,★★★ How to Trade Altcoins ★★★,Emersonsuite222100,Cryptocurrency – Trading,Cryptocurrency – Trading,,TRUE
E-Books,290815,Hansa,★★★ Pick up any carded items without ID & Name. ★★★ 100% WORKING ★★★ STAY SAFE ★★★ NO POLICE.,Medon,Carding,Carding,,TRUE
E-books,118953,TradeRoute,Bitcoin Beginner's Guide,TheDigital13499,Cryptocurrency – General,Cryptocurrency – General,,TRUE
E-Books,297107,Hansa,Pick-10-Book List: PYTHON Programming and Web Application Frameworks,pckabml,eBooks – Tech,eBooks – Tech,,TRUE
Information,108642,TradeRoute,HOW TO TRANSFER FROM PAYPAL CREDIT ACCOUNTS,TopNotchMoneyMaker68597,Cashing Out,Cashing Out,,TRUE
Guides & Tutorials,142462,TradeRoute,BTC PAYPAL GUIDE v2.0 [Best Ever]!!!,Torso216098,Cashing Out,Cashing Out,,TRUE
Guides & Tutorials,119978,TradeRoute,Cashout PP Method,l33ter128898,Cashing Out,Cashing Out,,TRUE
Guides & Tutorials,95775,TradeRoute,♕ CVV Cashout Via BTC ♕,TheShop133597,Cashing Out,Cashing Out,,TRUE
Guides & Tutorials,98753,TradeRoute,Bank Zachodni WBK-Cashing out Btc through Prepaid VISA Cards,DAY-ONE4100,Cashing Out,Cashing Out,,TRUE
Guides & Tutorials,138055,TradeRoute,♕ Apple Carding Method ♕,TheShop132297,Carding,Carding,,TRUE
Information,142083,TradeRoute,My TOP 15 Socks5 Providers + VIDEO Tutorial,steemdude75298,Anonymity – Proxies,Anonymity – Proxies,,TRUE
Guides & Tutorials,98960,TradeRoute,BACKTRACK 5 R3 WIFI HACK + GUIDE 2017,TopNotchMoneyMaker69197,Hacking – Wireless Networks,Hacking – Wireless Networks,,TRUE
E-books,157405,TradeRoute,Crime and Punishment by Fyodor Dostoyevsky,Junkiepig66630498,eBooks – Other,eBooks – Other,,TRUE
E-books,112650,TradeRoute,PRIVATE UNDERGROUND AMAZON CARDING GUIDE,Torso215398,Carding,Carding,,TRUE
Security,117721,TradeRoute,BANK OF AMERICA BUSSINES MOBILE EXPLOIT,Torso216098,Hacking – Mobile,Hacking – Mobile,,TRUE
Information,108504,TradeRoute,BANK OF AMERICA BUSSINES MOBILE EXPLOIT,Torso212398,Hacking – Mobile,Hacking – Mobile,,TRUE
Security,136332,TradeRoute,Multiple VPN connections (highest safety),Dr.Whit389997,Anonymity – VPN,Anonymity – VPN,,TRUE
Guides & Tutorials,103321,TradeRoute,BTC PAYPAL GUIDE v2.0 [Best Ever]!!!,Torso212498,Cashing Out,Cashing Out,,TRUE
Guides & Tutorials,132687,TradeRoute,Anarchist Cookbook 4,pckabml135100,Weaponry & Explosives,Weaponry & Explosives,,TRUE
Guides & Tutorials,134182,TradeRoute,"""7 in ONE"" VERY EXCLUSIVE PACKAGE ! *VIP* BEST PRICE",BarryBusiness38399,Other,Other,,TRUE
E-books,102226,TradeRoute,Tor and the Dark Art of Anonimity ★★★,Torso212498,Anonymity – Tor,Anonymity – Tor,,TRUE
Guides & Tutorials,162118,TradeRoute,Carding Vocabulary-TERMS Understanding the Business Language,l33ter129498,Carding,Carding,,TRUE
Security,159658,TradeRoute,★TORSO'S★ Chinese Goods Carding Guide,Torso216398,Carding,Carding,,TRUE
eBooks,91466,Silk3,Stay safe with tor MUST HAVE,CrypticKali,Anonymity – Tor,Anonymity – Tor,,TRUE
Guides & Tutorials,139816,TradeRoute,CC to BTC 2017 - make 7-8K $$ in month + 100% live support,rango23250,Cashing Out,Cashing Out,,TRUE
Guides & Tutorials,160634,TradeRoute,The Complete Cannabis Cultivator,james202027799,Drugs – Production,Drugs – Production,,TRUE
E-books,122853,TradeRoute,Aleister Crowley - The Book of Lies,captainkirk0--,eBooks – Other,eBooks – Other,,TRUE
Guides & Tutorials,113752,TradeRoute,Basic Tutorial For Carding From Ebay |EASY|,TheDigital13399,Carding,Carding,,TRUE
Guides & Tutorials,155690,TradeRoute,Cashout PP Method,l33ter128898,Cashing Out,Cashing Out,,TRUE
Security,297441,Hansa,$$$How To Set up a SOCKS Proxy Using Putty & SSH$$$,McDuck,Anonymity – Proxies,Anonymity – Proxies,,TRUE
Guides & Tutorials,106508,TradeRoute,Growing Elite Marijuana - The Complete Guide,Starbucks1100,Drugs – Production,Drugs – Production,,TRUE
E-books,115286,TradeRoute,Raspberry Pi 3 Projects for Java Programmers 2017,pckabml139100,eBooks – Tech,eBooks – Tech,,TRUE
E-books,157846,TradeRoute,How To Talk To Absolutely Anyone: Confident Communication,captainkirk0--,eBooks – Other,eBooks – Other,,TRUE
E-books,140117,TradeRoute,How To Make A Phishing Website,MoneyMule217898,Fraud,Fraud,,TRUE
