thread_id,Product Name,New Code,LLSum,AutoCat
10358,[ TUTORIAL ] Maintain Your Anonymity Online.,Anonymity – Other,,
2766,[Tutorial] Installing Tails LiveUSB with a Persistent Volume,Anonymity – Other,,
3877,***New Identity Needed***,Anonymity – Other,,
29217,A MUSt READ GUIDE ***How to Be Invisbile!***,Anonymity – Other,,
5799,Anonimity,Anonymity – Other,,
4889,Anonymity Privacy Security in REAL WORLD,Anonymity – Other,,
53141,Anonymous Banking?,Anonymity – Other,,
1961,Anonymous Debit ATM Card //instantvcc.eu/,Anonymity – Other,,
4843,Because Anon,Anonymity – Other,,
2417,Bleachbit or CCleaner?,Anonymity – Other,,
4502,dns leak again,Anonymity – Other,,
41167,"False first name, true last name vs Your true identity opinions please",Anonymity – Other,,
14754,Help doublecheck anonumity please,Anonymity – Other,,
44557,"Hi, need help with Tails please",Anonymity – Other,,
41474,How do you find SOCKS5 proxies in the city you want?,Anonymity – Other,,
41802,How do you stay anonymous ??,Anonymity – Other,,
16371,How to create an anonymous PayPal?,Anonymity – Other,,
51417,how to install tails on a mac book without a disk drive!!,Anonymity – Other,,
53240,How to use Amazon anonymously? Gift Cards REQUIRE CREDIT CARD,Anonymity – Other,,
7234,How to withdraw money from atm anonymously?,Anonymity – Other,,
22052,Is 100% anonymity possible?,Anonymity – Other,,
42820,Is JUST using Tails enough?,Anonymity – Other,,
14237,Is Tails enough?,Anonymity – Other,,
8932,Mac address can be traced to your location,Anonymity – Other,,
42785,MAC Address Spoofing...,Anonymity – Other,,
43643,Ordering a preloaded Tails USB,Anonymity – Other,,
52321,privnote alternatives?,Anonymity – Other,,
19373,Researchers have warned about crucial unpatched flaws in Tails OS,Anonymity – Other,,
53318,Security & Anonimity with mobile (iphones)?,Anonymity – Other,,
4886,Separating your personal and shadow life?,Anonymity – Other,,
4622,STICKY THIS PLEASE: Bulletproof method to prevent all DNS leaks,Anonymity – Other,,
17694,Tails 1.1 Possible 0-Days,Anonymity – Other,,
15296,tails browser,Anonymity – Other,,
48089,tails installer problem,Anonymity – Other,,
46608,TAILS issue.,Anonymity – Other,,
51150,"Tails probs: no network connections, touchpad not recognised, etc.",Anonymity – Other,,
41644,Tails USB Wallet,Anonymity – Other,,
15027,Tails..,Anonymity – Other,,
7764,Virtual Machine Logs,Anonymity – Other,,
23963,WHERE TO GO WHEN YOU LEAVE BIG BROTHER LANd,Anonymity – Other,,
8585,Whonix Problem,Anonymity – Other,,
43051,Whonix vs Tails,Anonymity – Other,,
14643,Whonix vs. Tails!!!,Anonymity – Other,,
41614,(proxychains) How to go from bodhi linux -> tor -> vpn -> vps?,Anonymity – Proxies,,
47208,A private socks provider with location chooser?,Anonymity – Proxies,,
4339,Any one had VIP72 Malfuction?,Anonymity – Proxies,,
14552,Basic Security Questions / is Tor > VPN > Socks5 a good way to go?,Anonymity – Proxies,,
54177,Carding VPN SOCK5 etc,Anonymity – Proxies,,
2379,Cheap socks,Anonymity – Proxies,,
15178,Checking for proxies before PP'ing?,Anonymity – Proxies,,
2765,checking socks bl?,Anonymity – Proxies,,
44764,Easiest FREE way to change my IP? (Mac OSX),Anonymity – Proxies,,
47159,HELP NEEDED! Secure network - Trying to install SOCKS5 on LInux,Anonymity – Proxies,,
48057,HELP NEEDED! Trying to configure Socks5 on Whonix,Anonymity – Proxies,,
11784,How to do things? vpn+proxy or vpn+tor+proxy,Anonymity – Proxies,,
7441,How to run sock5 through tails?,Anonymity – Proxies,,
2262,How to use socks5,Anonymity – Proxies,,
45968,is it safe to use a dedicated local port on a socks5?,Anonymity – Proxies,,
7629,localbtc w/o socks,Anonymity – Proxies,,
45223,Mozilla Portable + VIP72,Anonymity – Proxies,,
1065,Mullvad vs. VIP72,Anonymity – Proxies,,
2741,Need help with Proxifier,Anonymity – Proxies,,
45186,Need SOCKS5 & VPN Expert! FREE ACCOUNT!,Anonymity – Proxies,,
1114,Need VIP72 account,Anonymity – Proxies,,
16073,"Noobie question - proxies, Socksclient",Anonymity – Proxies,,
16284,"proxychains, tails, tor, proxy",Anonymity – Proxies,,
49445,Question about SOCKS?,Anonymity – Proxies,,
14851,Question About Using Proxifier To Chain Sock5 to Tor,Anonymity – Proxies,,
2713,RDP vs Socks5,Anonymity – Proxies,,
41769,RDP vs VIP72,Anonymity – Proxies,,
10196,settin up socks,Anonymity – Proxies,,
9156,Setting up VIP72 with Whoenix,Anonymity – Proxies,,
7423,So what exactly is VIP72?,Anonymity – Proxies,,
7664,Socks5,Anonymity – Proxies,,
12384,"TOR, VPN and SOCKS",Anonymity – Proxies,,
1433,"Trying to run Tor-->vip72 Socks, Having trouble.  Please help",Anonymity – Proxies,,
3348,VIP72 Slow+die fast or isit just me ?,Anonymity – Proxies,,
3440,VIP72- socks5,Anonymity – Proxies,,
5625,what to use other than VIP72,Anonymity – Proxies,,
18450,"""The NSA wants you to use Tor""",Anonymity – Tor,,
43783,Accessing Tor Network using Tails,Anonymity – Tor,,
47840,bookmarking pages into Tor browser a risk?,Anonymity – Tor,,
4147,Chrome Instead of Tor... Bad Idea?,Anonymity – Tor,,
1152,DIY Tor Wireless access point,Anonymity – Tor,,
16809,Exit nodes,Anonymity – Tor,,
42320,How do you add a Vpn on top of TOR (USA),Anonymity – Tor,,
51288,how LE tries to de-anonymize TOR users,Anonymity – Tor,,
11474,how to access certain websites on Tor?,Anonymity – Tor,,
15925,How to access the Tesco Website through Tor?????? HELP!,Anonymity – Tor,,
2773,Important TOR Browser Bundle Security Issue,Anonymity – Tor,,
3565,Instantbird - New IM tool by the developers of Tor,Anonymity – Tor,,
15051,Is It Possible To Access Tor On Public Wifis?,Anonymity – Tor,,
44149,"Localbitcoins Cash Deposits, any issues purchasing through tor?",Anonymity – Tor,,
18403,looks like Russia doesn't like TOR,Anonymity – Tor,,
35639,Proxychains in Tails (over Tor),Anonymity – Tor,,
11418,Security of .onion sites?,Anonymity – Tor,,
18115,Tor -> VPN or VPN -> Tor??,Anonymity – Tor,,
1373,Tor Developer Suspects NSA Interception of Amazon Purchase,Anonymity – Tor,,
10222,Tor download(s) problem - FIles maked complete but not done,Anonymity – Tor,,
18579,TOR May have been compromised,Anonymity – Tor,,
11461,Tor not as Anonymous as you think?,Anonymity – Tor,,
40186,Tor not ready?,Anonymity – Tor,,
2096,using tor with a smartphone,Anonymity – Tor,,
7845,VIP72 + TOR on Linux - How to?,Anonymity – Tor,,
6365,VOIP over tor?,Anonymity – Tor,,
52413,best linux distros to use with a VPN + VMWare?,Anonymity – VPN,,
5440,best VPN for IOS,Anonymity – VPN,,
41222,Can anyone recommend a good free VPN?,Anonymity – VPN,,
40726,Double VPN's,Anonymity – VPN,,
432,Free VPN [Computer Security],Anonymity – VPN,,
15927,Good VPN? Thoughts on PureVPN,Anonymity – VPN,,
41978,HELP vpn proxy ip,Anonymity – VPN,,
12457,Help! VPN issues!,Anonymity – VPN,,
41119,How do I use Proxifier and VIP72 Client with a VPN? - Tipping $10.00,Anonymity – VPN,,
15288,How do you set up VPN with tails?,Anonymity – VPN,,
47548,How does one connect to a VPN with Debian,Anonymity – VPN,,
3857,How to setup a VPN in Whonix?,Anonymity – VPN,,
17543,How to setup vpn on tails,Anonymity – VPN,,
49836,i need a new PAID vpn...,Anonymity – VPN,,
47073,is free vpn safe for purchasing,Anonymity – VPN,,
50037,Is there a way to run a VPN through Tails? Encryption?,Anonymity – VPN,,
18202,Is VPN Check A Good Solution For Keeping DNS Leaks In Check?,Anonymity – VPN,,
54292,Massive Headache!  Issues connecting to OpenVPN with Mullvad,Anonymity – VPN,,
15339,Mullvad and OpenVPN,Anonymity – VPN,,
52924,mullvad unstable,Anonymity – VPN,,
7765,Multiple VPNs,Anonymity – VPN,,
4504,Need a VPN/proxy,Anonymity – VPN,,
41026,Need help setting up Mullvad VPN on Debian Wheezy,Anonymity – VPN,,
10888,Proxifier over VPN,Anonymity – VPN,,
15515,"Rather interesting article on Tor, EU, and nsa...",Anonymity – VPN,,
50307,VPN in whonix,Anonymity – VPN,,
1519,vpn makes my connection unuseable,Anonymity – VPN,,
3730,VPN over VPN websites can't load but internet works,Anonymity – VPN,,
14219,Which VPNs Do You Recommend?,Anonymity – VPN,,
4283,(Help Needed) Chaining Socks5 with Tor for first carding attempt,Carding,,
6051,[Guide] Hotels. Card expensive hotels and avoid chargebacks.,Carding,,
29036,[VOUCHED] Cardable polish iban generator (pekao)  -75%,Carding,,
29115,[VOUCHED][$$$]Credit Card To Cash [Guide],Carding,,
4144,***â²â®â² 50 + Carding Tutorials & Guides 2014 (BEST ON THE MARKET) â²â®â²**,Carding,,
7615,">Vouched< Get AMAZON GIFT CARDS W/ OUT CC, SE, OR PAYING SO EASY!!!",Carding,,
29683,"4k+ Words, Indepth, The Best Uk Carder Guide!! Tricks of the trade",Carding,,
35479,â â â ULTIMATE CARDING SCIENCE SEPt. 2014 â â â,Carding,,
46860,advice on carding setup,Carding,,
33520,Am i safe to do this carding?,Carding,,
1338,Best Carding Setup?  Please Help!!,Carding,,
8569,Best guide to buy for sercurity / carding?,Carding,,
54369,Best way to stay save in the carding business?,Carding,,
2729,BIN LIST of UK Cards which can be VBV reset with ANY date of birth,Carding,,
16486,Card-Star is a scam?,Carding,,
6230,Carded a Gaming Tower how to use it safely,Carding,,
5062,Carding At Home ?,Carding,,
2454,Carding just using Tor,Carding,,
3780,Carding on Android Devices?,Carding,,
18046,CCs->PAYPAL FRESH TO THE MARKET,Carding,,
14248,"Cheap Big Fraud and Carding pack, including recent carding sites list!",Carding,,
3320,DIFFERENCE BETWEEN POLISH AND EU IBAN CARDS,Carding,,
28927,FREE carding tutorials-- 1 per week---NEED requests --FREE,Carding,,
5218,Get Unlimited Credit Cards Method,Carding,,
8069,getting new credit cards approved,Carding,,
17352,Guide Carding with Stripe for noobs (not USA),Carding,,
49842,How do carders usually get busted?,Carding,,
4460,HOW TO CARD ANY APPLE PRODUCT(without cc data),Carding,,
28783,how to win fraud charge -- instore carding,Carding,,
2820,"I'm buying a burner laptop tomorrow for carding, i have questions",Carding,,
52213,"Is anyone willing to re-ship ""carded"" items using collect+ (UK only)",Carding,,
19636,is it safe to use a carded CC to buy bitcoins?,Carding,,
1665,is phsyical or virtual carding more risky than other scams?,Carding,,
41819,MH9's UK or US Carding & Drop Tutoring,Carding,,
8688,Mobile Carding ?,Carding,,
25995,New GUIDE how to card GOLD bullion UK,Carding,,
4633,Pack of rare carding guides + Big List of Amex Platinum bins,Carding,,
25648,Paypal / CCs / eBay / Amazon / carding services & more !,Carding,,
36268,Pre Paid card in UK?,Carding,,
9968,Private Carding [1 BTC] By Gold,Carding,,
2055,"Rate, or take a big runny steaming shit on my setup for carding???",Carding,,
3304,"Review of Gold's ""Private Carding Method""",Carding,,
3739,Selling 2 shops  CC -> SIM -> WebMoney,Carding,,
4876,setup for a new carder,Carding,,
42179,Simple secure Carding solution,Carding,,
24521,STRIPE GUIDE v1.0 (ONLY â¬20!),Carding,,
6420,UK carders must HAVE! SELLING ONLY 2 COPIES,Carding,,
3766,Western Union Prepaid Card,Carding,,
48501,What to do before carding.,Carding,,
27587,Where to buy high value designer clothes using CVV,Carding,,
25028,- Cashing out paypal Guide -,Cashing Out,,
12648,[FT REVIEW] mrwaterhand's Guide to Funding/Cashing Out PayPal,Cashing Out,,
19415,[GUIDE] Cashout CC to IBAN/ATM,Cashing Out,,
5806,[REVIEW]Yasuo's Paypal Receiving/Cashing Out Guide v3.0,Cashing Out,,
10228,"100% Clean funds using your ps3, guide finally completed!",Cashing Out,,
12416,âââ  4 CC PAYPAL cashout â GOLDEN â methods - june 2014 âââ,Cashing Out,,
40601,Alternative to Cashout BTC,Cashing Out,,
22273,Best Cashout Guides,Cashing Out,,
28129,Best way to cash out vbv cards?,Cashing Out,,
27969,big cashing out & carding guides! ( escrow available ),Cashing Out,,
7731,Bitcoin Fog,Cashing Out,,
2145,Bitcoin fog down,Cashing Out,,
47425,Bitcoin Fog issue,Cashing Out,,
12629,BTC Laundry to deposit funds on Bank Account,Cashing Out,,
42943,BTC Tumbling?,Cashing Out,,
2789,CASH OUT ANY MAJOR BANK LOG IN  IN USA,Cashing Out,,
20200,cashing out,Cashing Out,,
8666,Cashout cc,Cashing Out,,
23613,CASHOUT UK FULLZ FOR PRO's,Cashing Out,,
1291,CC >> BTC 100% working!!,Cashing Out,,
52147,How secure is MyCash to My Paypal,Cashing Out,,
12005,Laundry,Cashing Out,,
5010,Laundry Service,Cashing Out,,
3995,Paypal Cashout on Android Emulator VirtualBox,Cashing Out,,
20768,Paypal: what guide need to buy to start with?,Cashing Out,,
11201,Sale UK Cash Out Unburned,Cashing Out,,
7761,SPIECAL OFFER cc>bitcoin+2 USA fresh cc+free gift Â£22.50 1TIMEFOOLED,Cashing Out,,
44610,useing shapshift.io as a btc mixer,Cashing Out,,
10454,[HIGH QUALITY] â¬20 Template Pack [FAKE50EUROSGUIDE],Counterfeit Currency,,
10455,[HIGH QUALITY] â¬50 Template Pack [FAKE50EUROSGUIDE],Counterfeit Currency,,
14502,[VOUCHED] How to pass counterfeits /the right way/,Counterfeit Currency,,
9450,$100 counterfeit guide ebook and templates,Counterfeit Currency,,
9711,100% FREE Jack2613's Ultimate Guide for counterfeiting Super Dollars,Counterfeit Currency,,
28903,Counterfeiting money tutorial,Counterfeit Currency,,
35365,ordering counterfeit cash into ireland,Counterfeit Currency,,
4759,10+ bitcoins monthly(revised),Cryptocurrency – General,,
54437,à¸ªà¹â1 Bitcoin $2OOâ¥à¸ªà¹ ï½ï½ï½ï¼ï½ï½ï½ï½ï½ï½ï¼ï½ï½ï½ â¥,Cryptocurrency – General,,
12636,Anonymous bitcoin payments,Cryptocurrency – General,,
43077,Bitcoin address,Cryptocurrency – General,,
11152,Bitcoin wallet on USB,Cryptocurrency – General,,
54231,Buy Bitcoins via CashbyMail in europe 100% anonymously,Cryptocurrency – General,,
36332,Cryptology Explained,Cryptocurrency – General,,
51088,Funds stolen from my Evolution wallet,Cryptocurrency – General,,
52274,how do I become anonymous buying bitcoins?,Cryptocurrency – General,,
39531,How safe is it to sell on localbitcoins regularly,Cryptocurrency – General,,
9391,how to buy bitcoin safely,Cryptocurrency – General,,
17629,new guide. free btc. guide vendors input needed,Cryptocurrency – General,,
16052,Persistence Wallet,Cryptocurrency – General,,
44273,Which bitcoin wallet do you use for maximum security?,Cryptocurrency – General,,
2503,Onion DDoS discussion,Denial of Service,,
47202,10g Mephedrone,Drugs – General,,
52097,"A guy in Fresno, CA got indicted on drug charge.",Drugs – General,,
27953,Buyer's and Vendor's Guide To Internet Drug Dealing/Buying,Drugs – General,,
25728,fentanyl roxys But look exactly like A215s,Drugs – General,,
42103,Get Drugs saftest way.. though world wide order,Drugs – General,,
17943,How To Clean Up Those Drugs!!!!,Drugs – General,,
46924,Is this a 99% safe way of purchasing illegal drugs from over seas?,Drugs – General,,
12021,Beginner's Guide To Making HEROIN,Drugs – Production,,
19953,complete step by step tutorial on how to make home made MDMA.,Drugs – Production,,
11934,"EASIEST WAY TO MAKE LSD (So simple, you can make it in your KITCHEN!)",Drugs – Production,,
8646,Self Written LSD Synthesis  By Dr.Chemist,Drugs – Production,,
17301,_light's cheap goodies* Guides/books/software for $10 or less!,eBooks – Other,,
28622,[$10] Swatting tutorial for worldwide,eBooks – Other,,
4282,[Guide]How to start your own Amazon.com clean sales store,eBooks – Other,,
9763,"eBook -- A Guide To Making Passive Income, very cheap atm!",eBooks – Other,,
43326,FREE Security Guide,eBooks – Other,,
7502,"I just added a ton of guides/ebooks to my store, all for $0.50usd each",eBooks – Other,,
9389,Over 120 Premium Money Making Ebooks Worth over $2500,eBooks – Other,,
37508,THE MONEY MANUAL. Most profitable/Informative+ Cheapest,eBooks – Other,,
27692,Promo Ebook Sql Tutorials,eBooks – Technical,,
5030,[- Cheque Fraud 101 -] (Catch me if you can ;-)),Fraud,,
7990,[MY REVIEW] [ULTIMATE GUIDE] Lokmann' detailed amazon refunding,Fraud,,
17241,â¦US Loan Fraud Guide $45â¦,Fraud,,
10388,amazon refund with business address,Fraud,,
44568,Are new accounts more likely to be scammed on her?,Fraud,,
9748,Auto Loan Fraud,Fraud,,
11753,Bitcoin SCAMMING Guide - Scam up to 2000$ in BTC,Fraud,,
44188,damatter's Amazon Refund guide - In depth detailed CHEAP!,Fraud,,
23011,"Free Takeaway Hungry House, Just Eat, Dominos and Curries Online UK UK",Fraud,,
8428,Guide to free Xbox one or PS4.,Fraud,,
47201,Have I been scammed? For people from OZ,Fraud,,
12587,how to scam 10 dollars from nearly anyone on the deepweb,Fraud,,
10730,if you do any kind of fraud read now..Not kidding.,Fraud,,
47378,MH9's Noob2Pro Fraud Paradise Tutoring!!,Fraud,,
18060,OsamaBinFraudin Tax refund guide ( review & experience ),Fraud,,
8007,PAYPAL FRAUD MEGaPaCK,Fraud,,
51257,phishing link?,Fraud,,
24953,tax refund guide,Fraud,,
5288,UK LOAN FRAUD GUIDE,Fraud,,
5290,5 ATM HACKING TUTORIALS,Hacking – General,,
22010,Basics of Hacking and Penetration Testing 2nd Updated Ed. (Aug 2013),Hacking – General,,
29152,Hacking china's alipay wallet tutorial .earn big money . Easy! Fast!,Hacking – General,,
41115,HACKING guide bundle|mysql injection|doxxing|botnets|pdf backdooring,Hacking – General,,
9685,Securing and hacking your router [GUIDE],Hacking – General,,
48409,Someone has hacked my VENDOR account - SmileyPostman,Hacking – General,,
9756,ULTIMATE Hacking Pack for NEWBIES 9 GUIDES,Hacking – General,,
9751,ULTIMATE hacking pack for NEWBIES 9 GUIDES,Hacking – General,,
3355,2 Factor Authentication workaround...,Hacking – Phreaking,,
3725,2nd factor authorization,Hacking – Phreaking,,
6280,Anyone know how to setup a phone number?,Hacking – Phreaking,,
14048,Burner Phone,Hacking – Phreaking,,
43644,Burner Phone / Spoofing,Hacking – Phreaking,,
4736,burner phone alternative ? thoughts?,Hacking – Phreaking,,
2963,Burner Phones,Hacking – Phreaking,,
5078,Sims and burner phones,Hacking – Phreaking,,
17181,virtual cell phones services !! anoyone knows ??,Hacking – Phreaking,,
2178,[SQLi]Selling 2 Vulnerable sites with shops[Cheap],Hacking – Website,,
52936,Help facebook hi can anyone hack an old facebook i have ?,Hacking – Website,,
50409,Everyone says using a cracked WiFi >** Where to start?,Hacking – Wireless Networks,,
51197,How Far Can a AWUS036H Alfa Wi-Fi adapter crack & reach APs?,Hacking – Wireless Networks,,
35480,â â â Credit building credit cards tips and tricks â â â,Modifying Credit,,
47961,0,Other,,
25381,-,Other,,
12389,-,Other,,
12771,-----,Other,,
3745,------,Other,,
3648,------,Other,,
3649,------,Other,,
4401,------,Other,,
5073,------,Other,,
11010,------,Other,,
4103,------,Other,,
49609,-----------,Other,,
5898,--------------,Other,,
5132,--------------,Other,,
1684,----------------,Other,,
3446,---------------------------------------,Other,,
15531,.,Other,,
46957,.,Other,,
6896,...,Other,,
5875,....,Other,,
20828,.....,Other,,
23936,[Delete],Other,,
5409,[Vendor Review] mannybenitez,Other,,
5882,[Vendor Review] TopTuts,Other,,
11484,"[Vouched] [$60] Fyrestorm's ""F*** THE SYSTEM""[Insurance scheme Method]",Other,,
53787,$10 will police look into it?,Other,,
45955,2 easy questions,Other,,
42499,A few security questions that I need advise on...,Other,,
43539,"A strange request, but need you peoples help.",Other,,
10897,âªVouchedâª Stealing and breaking parts of a car to sell. 5 quid ono,Other,,
12208,Almost free guide,Other,,
9162,Am i secure?,Other,,
47546,Asking for reassurance or advice on the security measures I'm taking.,Other,,
5297,BE A PERPETUAL TRAVELLER,Other,,
11632,Becoming A Vendor ( Security Question ),Other,,
41539,Can A Mod or Admin Help?,Other,,
33335,Can admin delete this thread,Other,,
8774,Cashing out at ATM,Other,,
41415,Chrome to linux,Other,,
8870,closed,Other,,
1679,Couple of question,Other,,
44428,danger dog,Other,,
19079,del,Other,,
23266,del,Other,,
12945,delet of order history,Other,,
27902,delete,Other,,
9343,delete,Other,,
11647,delete,Other,,
48784,Delete all of my computer history,Other,,
29114,delete please wrong,Other,,
9753,Delete please!,Other,,
19251,Deleted,Other,,
50683,Deleted,Other,,
2558,does anyone...,Other,,
54575,done,Other,,
18773,Edited.,Other,,
18917,Edited.,Other,,
11486,european LE digit conference news release,Other,,
46469,External Hard drive + virtualbox poblems,Other,,
3813,FINDING MOTHERS MAIDEN NAME?,Other,,
45828,Fingerprints + EU LE,Other,,
6858,"GREAT LITTLE HEALTH SECRET. Boost your strength, intellect and be a...",Other,,
5309,Has anyone used Collect+?,Other,,
46822,Help with VirtualBox,Other,,
40792,Hosting.,Other,,
5247,How safe is it to buy a macbook off Evolution?,Other,,
11186,How to get free gas from a service station,Other,,
52062,Iam i safe?,Other,,
8856,Icq with otr?,Other,,
51162,"Ignore, please delete if possible. Thanks",Other,,
6005,infrared hat (blinds CCTV),Other,,
52189,Interested in Airmiles & Hotel points to book my next holiday?,Other,,
48119,Interesting question!,Other,,
41722,Is my current Opsec burnt?,Other,,
10376,Is there a list of suspected LEs where we can report usernames,Other,,
42209,Is there anything truly elementary I can follow?,Other,,
50472,Is this link a fake Evolution url?,Other,,
5107,Is this method safe?,Other,,
17284,Is this safe?,Other,,
18875,Joke of the day,Other,,
3593,Listing will be removed.,Other,,
8503,Live USB Help,Other,,
4632,Message,Other,,
45479,Most Locations?,Other,,
6800,multiple browser tabs,Other,,
5400,My Setup,Other,,
40868,Need help with linux.,Other,,
11983,Need Help with my setup,Other,,
3717,Need some advice,Other,,
42012,need some advice on cookies...,Other,,
14147,newbie need some virtual machine help,Other,,
32216,no longer selling,Other,,
54446,Noob question pre-first-purchase,Other,,
3384,Noob question regarding standard security,Other,,
47789,Pre-Boot Authentication,Other,,
18615,Rate my security please...,Other,,
50238,Safe enough?,Other,,
21024,Santa is sorry,Other,,
43504,Security,Other,,
2932,Selling a method on here (UK guys),Other,,
5619,serious advice wanted..,Other,,
3949,Set up,Other,,
25797,Six Figure Solo Sellers,Other,,
53450,smartphone/ computer advice,Other,,
48387,Somebody know what code is this and how i can turn it to text ?,Other,,
8818,Starting over,Other,,
2345,Statesmann Vendor Review Thread,Other,,
9826,"Stayinglow, asking for help on Digital Downloads.",Other,,
25794,The Cappuccino Method,Other,,
17377,This is for reviews and discussion of DrPlatypus,Other,,
1124,Too low security setup?,Other,,
50118,Trash Can,Other,,
13965,Ubuntu problems booting from USB,Other,,
13036,Vendor Security,Other,,
9428,Virtual Machines,Other,,
16006,Would this be secure enough?,Other,,
14261,alternative for true crypt,PGP/GPG,,
7941,Bad/incorrect PGP signature from Tails!,PGP/GPG,,
42470,Can you tell who encrpyted a PGP Message?,PGP/GPG,,
999,Easy Online PGP creation for noobs!,PGP/GPG,,
17907,Encrypted Communication,PGP/GPG,,
40294,Encryption tools the NSA couldn't crack,PGP/GPG,,
16625,"Encyption of shipping info question(don't need a tut, just a quick Q)",PGP/GPG,,
47787,Ever used GnuPG? Its author and maintainer is going broke,PGP/GPG,,
46296,GnuPG on Linux Mint - No GUI? Am I wrong?,PGP/GPG,,
17470,"GPG in tails, free email without JS.",PGP/GPG,,
50759,"Luks encryption with a 25 characters password, enough to stop LE?",PGP/GPG,,
6220,MD5 Hashes,PGP/GPG,,
40278,"Megachat encrypted VoIP, chat and email",PGP/GPG,,
48873,Multisig.....,PGP/GPG,,
47807,Never change a passphrase stoned,PGP/GPG,,
12355,No pgp,PGP/GPG,,
49647,Not using PGP for tracking number,PGP/GPG,,
50966,NSA and GCHQ stolen encryption keys from biggest SIM card manufacturer,PGP/GPG,,
17723,On TrueCrypt,PGP/GPG,,
16276,pgp,PGP/GPG,,
46264,PGP Desktop... or something?,PGP/GPG,,
42267,PGP In Plain English: A Simple Man's Guide To Using PGP/GPG Like A Pro,PGP/GPG,,
41398,"PGP isnt working, vendor asked to send via privnote...?",PGP/GPG,,
2955,PGP KEY Test,PGP/GPG,,
4272,PGP keys.,PGP/GPG,,
6407,PGP no signatures found,PGP/GPG,,
45815,PGP question,PGP/GPG,,
2363,PGP setup for Linux,PGP/GPG,,
2825,Questions about PGP,PGP/GPG,,
45224,TAILS PGP Help,PGP/GPG,,
44796,True Crypt hidden volume,PGP/GPG,,
49878,Tutorial PGP,PGP/GPG,,
12202,Using tails with VPN and how to do pgp,PGP/GPG,,
18059,Which size PGP is best?,PGP/GPG,,
2186,"Full US head shop list 2013, human verified - MonkeyBusiness",Resources – Contact Lists,,
14355,passport,Resources – Identity Documents,,
19623,[GUIDE] Five Insane Traffic Methods,SEO,,
41714,'Smelly Parcel' -UK specific,Transportation/Stealth,,
53204,[UK] Payment fee - possible seizure?,Transportation/Stealth,,
42040,100usd bounty regarding anonymous international shipping,Transportation/Stealth,,
50025,About drop re-ship,Transportation/Stealth,,
45858,advice what to do next after (domestic) order did not arrive,Transportation/Stealth,,
50442,All this talk about using drops...,Transportation/Stealth,,
44018,Australia mail drop,Transportation/Stealth,,
42150,Best place to get drugs delivered?,Transportation/Stealth,,
28576,Best UK drop method for international,Transportation/Stealth,,
50689,Best way to track Shipping without raising flags?,Transportation/Stealth,,
4278,bill=ship problem,Transportation/Stealth,,
49552,blacklisted address,Transportation/Stealth,,
41377,BTC with Paypal or safe shipping,Transportation/Stealth,,
10569,Drop problem,Transportation/Stealth,,
3250,drops,Transportation/Stealth,,
1186,drops?,Transportation/Stealth,,
3926,good drop address?,Transportation/Stealth,,
3732,Good idea for a drop?,Transportation/Stealth,,
46236,Home delivery,Transportation/Stealth,,
14337,How are people handling larger shippments?,Transportation/Stealth,,
15157,How do you print anonymous USPS shipping labels with tracking?,Transportation/Stealth,,
3620,How likely is it that LE will check your drop?,Transportation/Stealth,,
45544,How to pay for prepaid shipping labels,Transportation/Stealth,,
54288,how to receive drugs?,Transportation/Stealth,,
51121,How to stay anon with drop-reship?,Transportation/Stealth,,
51671,I will pay you $50 in btc to teach me how to ship 4 oz weed,Transportation/Stealth,,
42885,international Postage,Transportation/Stealth,,
49847,Just got Love letter in my Box IN Germany,Transportation/Stealth,,
41780,Mail Being Searched Through?,Transportation/Stealth,,
16262,Mail Drop Guide/Tips,Transportation/Stealth,,
50293,"mAIL DROPS how to DO them, and NOT to do them.",Transportation/Stealth,,
41205,Mail man acting weird,Transportation/Stealth,,
15595,Need a motion sensing device for my anonymous mail drop,Transportation/Stealth,,
51130,Need help how to ship 4 oz of weed,Transportation/Stealth,,
5235,Opening PO Box with fake ID,Transportation/Stealth,,
39290,P.O box with real id?,Transportation/Stealth,,
50482,Post Office Boxes?,Transportation/Stealth,,
52569,postage due?!,Transportation/Stealth,,
53033,Priority Postage Anonymously,Transportation/Stealth,,
50837,Question about P.O. Box,Transportation/Stealth,,
52633,Question about shipping weed & priority stamps,Transportation/Stealth,,
15073,Re - Ship Issue,Transportation/Stealth,,
45580,recieve packages annonymously?,Transportation/Stealth,,
40745,Reshipping services - US to worldwide? (carded items),Transportation/Stealth,,
2869,SAFEST WAY TO SHIP NOWDAYS ANY ADVICE WOULD BE APPRECIATED.......,Transportation/Stealth,,
54635,Sending US Mail with Or Current Resident text?,Transportation/Stealth,,
12749,Shipment handling!,Transportation/Stealth,,
4854,Shipping drugs and Weapons,Transportation/Stealth,,
53176,SHIPPING to AUSTRALIA,Transportation/Stealth,,
54600,Shipping Worldwide,Transportation/Stealth,,
49271,signing for pakages,Transportation/Stealth,,
14156,stealth when shipping large vials,Transportation/Stealth,,
14425,Supplying tracking number to customer,Transportation/Stealth,,
5850,"The Best Guide On Stealth Shipping - Guns, Drugs, Everything",Transportation/Stealth,,
51975,Tracking,Transportation/Stealth,,
3901,UK  Date moved to current address,Transportation/Stealth,,
48240,"UK to UK order, Royal Mail want more money - Trap?",Transportation/Stealth,,
14101,US Customs letter?,Transportation/Stealth,,
45885,USA drop and reship service for newly issued CC,Transportation/Stealth,,
13767,USPS Has Shipped Two Packages to Return Address,Transportation/Stealth,,
53127,USPS slow processing?,Transportation/Stealth,,
47601,USPS wants me to come sign for something.,Transportation/Stealth,,
50950,What are your thoughts on shipping packages through FedEx?,Transportation/Stealth,,
53729,"""CSRF verification failed. Enable 'Referer header'",,,
13971,"""How to Verify your paypal FREE and EASY"" by sw4g",,,
19757,[GUIDE] How to change any VBV or MSC password [ONLY â¬20!],,,
6418,[GUIDE]Open UK Business Bank Accounts (Â£500 ATM) Verify Paypal-Cashout,,,
17492,[IS IT POSSBLE]--Converting Personal Computer To Personal/Computer??,,,
5193,[paypal > iban] do i need to change my hard drive serial number?,,,
30909,@#!OWN A CLEARNET PROMISING BUSINEsS,,,
22284,*** Free Guide ***,,,
8024,"***NEW VENDOR*** ***fuzzyduck123*** RAT software, botnet setup etc",,,
19558,**Opening Anonymous Australian Bank Account** ULTIMATE GUIDE!,,,
40172,**TAILS QUESTION ** Latest Version 1.2.2,,,
25269,$20 - No More Cable Bills (v1.0) - Save $$$ Each Month!!,,,
11311,$9.6 Productz Special 2014+ Verified Methods/Guides (+Vouch Copies!),,,
9407,100% positive feedback for my store,,,
54442,2 questions regarding to XMPP and Pidgin configuration help needed?!,,,
7671,32GB PENDRIVE with whonix. whats next?,,,
8882,700+credit scode and Tax Methods,,,
34935,â [ULTIMATE] PAYPAL PACK v4.6 + 1 PAYPAL ACCOUNT AND PROXY INCLUDED â,,,
10595,a guide on how to cashout pp semi clean funds,,,
29219,A MUST HAVE ***Invisible Money***,,,
54628,A question about keyloggers,,,
44538,A question of security.,,,
29891,Â» (WANTED) Skrill Carding Tut,,,
4510,About Alipay,,,
783,about Java applet fingerprint,,,
42637,about RDP security,,,
2425,Accounts on Utopia and BMR?,,,
36880,Address Flagged?,,,
15078,Advice - Tracking Labels,,,
50187,Advice needed for a properly secure system,,,
3677,Almost There - Tor/Firefox conflicting!!!,,,
5014,always used windows!,,,
18742,"Am I in danger ? Please, help?",,,
5836,Any info on CCTV (UK),,,
53241,Any reason NOT to use the new Electrum wallet in TAILS?,,,
3697,Any success selling tutorials??,,,
47906,Any way to crack Metasploit Framework?,,,
41202,anyone can you help me setup my pc for card or paypal?,,,
42100,Anyone Use Boxes for Fedora?,,,
5148,ATM Withdrawal Risk,,,
11933,ATT GoPhone,,,
13677,ATTENTION VENDORS: Please DO NOT send (test-samples) to buyers,,,
8091,Backtrack 5 R3 on VirtualBox,,,
3085,Bank (IBAN) drop to bitcoin,,,
9907,"BE TOTALY ANONYMOUS NOOB GUIDE (VPN,SOCKS,DNS...) MuST READ ($8)",,,
53088,Best Bitcoin Debit Card to Cashout?,,,
18101,Best domain and hosting for 100% anon,,,
52531,Best method for wiping remote windows partition,,,
42286,Best OS to use in your VM?,,,
42860,Best practises for a vendor?,,,
2879,Best Prices on Tutorials n' Things ~ Brick,,,
44059,Best way to encrypt a tablet?,,,
52897,Best way to securely wipe a hard drive.(make everything unrecoverable),,,
10254,books4theug (or Books 4 The Underground) on vacation - back Sunday!,,,
35470,Brand new guide available Free UK eroll searches,,,
3771,brulz8 VCC method!!!!!became a seller and make money!!!!,,,
9564,burner laptop and safety question?,,,
47438,Business Custom Design Printed Envelopes,,,
27041,"BUY 1 receive 1 FREE : SPECIAL PROMOTION Guides,Methods and Programs",,,
5825,Buying Burner Phones,,,
4875,Bypass Anti Copy/Paste security ?,,,
7245,Can anyone explain how to configure proxifier to work for TOR.,,,
42232,Can anyone explain the proper way to set up a RDP Connection,,,
40858,Can Anyone recommend a fair Priced VPS,,,
3161,Can LE trace where you purchased a burner phone and SIM?,,,
49310,Can multisig return funds address be blockchain wallet not Bitcoin-QT?,,,
51738,can someone teach me about forever priority stamps,,,
53339,Can the Gov. track money orders/cashiers checks/WU?,,,
3238,can we use the pp sales on deepweb to buy btc???,,,
49376,Can you get phished if you never visit any other sites than evo?,,,
42558,Canvas Fingerprinting Script- Revise Your Setup,,,
4405,CARD 3 BIG RETAILERS WITH EASE(only 40$),,,
2065,Carders Paradise,,,
11368,Carding Guide not nooby,,,
17975,Carding safety setup,,,
53706,Cashing out on my computer,,,
8297,Cashout Carding Tutorials 50+ methods,,,
13895,CASHOUT FULLz/ACCOUNTS!!!!!!!! METHOD IS NOW ON SALE 35$ FOR FIRST 5,,,
24947,Cashout paypals by your own !,,,
3794,CashoutKings' Cash & Bullion IN YOUR MAILBOX!,,,
17436,Cashtrades Cashout Guide...,,,
23958,CC >> Btc // Bank acct,,,
2193,CC Cashout method,,,
11023,CC/CVV to BitCoin Method 2014,,,
17610,ccleaner v wisecare365,,,
46136,ccleaner/bitbleach on VM,,,
5380,CCVAULT SHOP ***CC & GUIDE for Carders (AUS/RO CC NOVBV/NOAVS),,,
41455,Chaining SOCKS5 into TOR Browser,,,
5348,Chaining Socks5 with TOR,,,
44544,Chances of LE posing as a vendor?,,,
5291,CHANGE YOUR IDENTITY 2014,,,
10498,changing dns and vpngate?,,,
1517,Changing Identitys,,,
3022,"chrome, opera ect.",,,
8918,Clean machine,,,
46094,Clean Texas IP,,,
16404,Cleaning a laptop,,,
18253,clear net card scam,,,
44384,Clearing computer,,,
27038,Clearweb what is it ???,,,
8125,clipboard contained no valid encrypted data,,,
40065,Cloudflare detection?,,,
40101,Comments on setup plz,,,
54001,Concerned about private key being linked to my public key,,,
2353,Configure a browser to run with Vpn and socks5,,,
48138,Connect to VPS from Tails?,,,
41689,Conspiracy to receive a controlled substance /w intent to distribute,,,
21151,Copy of CVV for Verification,,,
48302,Could someone familiarise me on PO BOX's,,,
11901,Cracking bluetooth security,,,
13782,Creating website with illegal content - someone experienced?,,,
41221,custom,,,
49689,Darkcoin: Instant Transactions with InstantX!,,,
49283,Darkleaks,,,
17657,database of some usa edu and il co and ru and cn website,,,
45649,Dban/Blancco help needed,,,
52975,Debian on VM - installation problems,,,
14264,Dedicated proxy provider,,,
48338,Deepweb on an SDCard,,,
36239,Desktop Wallets on Tails Live USB,,,
34915,"DMT Synthesis Guide NEW Unpublished sell for up to $140,000/kg",,,
48379,DNS leak on whonix,,,
2591,dns leakage question not to hard i hope,,,
46849,Do anyone using protonmail.ch ?,,,
1362,do carded iphones get their IMEI banned?,,,
12889,Do I have a keylogger?,,,
3272,Do I need to use socks5 if hacked PayPal account is from same state?,,,
49463,Do Vendors watch Border Patrol?,,,
45013,DocSugars Drug Synthesis & Bomb Making ebooks,,,
50455,Document Collaboration - as secure as it can be?,,,
50637,Documentary on internet privacy!,,,
2679,Does Paypal Blacklist webhosting provider ip?,,,
44902,Downloading and Setting Up,,,
7193,downloading WINE in VM,,,
44599,Dr. Clu from SR2 got knocked recently - comments and questions,,,
7298,Driving up to an ATM with plates covered,,,
50315,drop address help?,,,
44815,Drop adress,,,
6436,Drop location,,,
1058,Drop Question,,,
5060,"drop question , will it be in front of door?",,,
45493,Drops for when something needs signing,,,
29485,DUMPS CASHOUT by VuDu----MUST READ  -,,,
3081,eartvpn and tor,,,
1676,Easiest way to prevent DNS leaks,,,
4449,easy way to get anon US phone number (works with google),,,
13117,Easy-hide-IP ??,,,
49630,Encrypted USB for Tails?,,,
13671,"Encrytion, OS and Laptop hard drive.",,,
50926,Equation Group,,,
41971,ever cookies,,,
53924,Excuse my level of noobness-BIG ass noob here :(,,,
41885,Experience with Jitsi?,,,
41052,"Fatal mistake when using RDP, is my identity leaked?",,,
4766,fbgduck55's method 10+BTC Review,,,
9870,File Downloads (Read and comment),,,
41105,Final Word On Security Setups,,,
48592,Finding a Drop in Canada,,,
49979,Firefox configuration Setup. (about:config),,,
52193,Flying internationally with mbb'd envelopes,,,
17999,FREE [Autopilote]Make Money Fast for newbies[Easy]working 100% JULY 26,,,
3843,FREE CASH! SPECIAL OFFER FOR FIRST TWO BUYERS!,,,
3340,Free Microsoft Surface Pro 2 Method + Serial Number [$2.50 PROMOTION],,,
15541,Free PIA..?,,,
3322,Free Xbox One Method + Serial Number [$2.50 PROMOTION],,,
40788,Fresh tails 1.2.2 clone unable to boot.,,,
17130,Good enough for carding?,,,
43636,GPA not working as expected,,,
26913,Guide on fullz,,,
4122,Guides and netflix accounts cheap !,,,
12514,GUNBOUND.CA thors hammer,,,
2642,Hardware Device Secure?,,,
48349,Has,,,
8794,Has LE ever impersonated a vendor?,,,
14168,Have i fried my hard drive?,,,
7161,HeartBleed,,,
47817,Helix Help??,,,
19419,help me here please !,,,
48303,HELP PLEASE: How do I configure my new Sip phone? (Yealink T21p),,,
8953,help setup security,,,
45866,help understanding check2ip results. am i ANON?,,,
8115,"Help with my setup, please?",,,
53874,help with pidgin otr ?,,,
46704,Hiding fingerprints,,,
8251,Hiding Server IP?,,,
4984,Home Depot checking ID at self checkout,,,
6728,hotspot shield,,,
1885,"How can i find someones date of birth , useing address and email ?(uk)",,,
54389,how do i get socks,,,
5333,How do you unlock an iPhone 4?,,,
5196,how does paypal get your hard disk serial number?,,,
53563,How necessary is noscript? Opinions please,,,
49431,How safe are CN & Dnet comms?,,,
8998,How secure is a University network computer?,,,
14119,How to beat location detection on Android or iphones,,,
37125,How to build your anti-tap CHANGE IMEI DUALSIM smartphone!,,,
9801,How to bypass security question (Bank Logins),,,
48020,How to check photo for metadata?,,,
42244,How to connect to VPS from TOR? (linux),,,
43985,How to fix system time when using TOR and SOCKS5?,,,
4619,How to proxychain Tor > VPN?,,,
4665,How to proxychain Tor > VPN?,,,
17290,How to safely use RDP?,,,
2626,HOW TO SETUP your computer - First Step,,,
51156,How to tell if someone is an agent?,,,
15087,Huge issues with Pidgin & OTR,,,
12008,I can make you a lot of money,,,
44534,"I need yor help friends""""",,,
671,icq + otr,,,
3512,ICQ + OTR,,,
6398,ICQ Pidgin,,,
54069,icq pidgin problems,,,
2917,ICQ-OTR Offline Message.,,,
8590,idk where to put this post,,,
7022,"If i have a burner laptop and will be using public wifi, what else ...",,,
19093,if tor blocks javascripts globally why does it include 40 JS in the TB,,,
11737,Injecting cookies into any browser - Paypal question,,,
49709,Invest in a Darkcoin masternode,,,
5095,IP address spoofing,,,
4498,IP Blacklist Check - What do I look for?,,,
1071,Iphone 5c wanted,,,
53445,Iphone 6 Encrpytion,,,
51527,iqc and jabber,,,
9048,Is fake name a good idea?,,,
18794,is it just me?,,,
16314,is Mailboxes Etc (UPS) any good?,,,
18378,Is public wifi necessary?,,,
54530,Jabber &  pidgin,,,
8679,Java install certificate,,,
5339,java leak,,,
5900,JUst trying to soak up as much knowledge as possble!,,,
33241,kali,,,
1678,Kali?,,,
52937,Keeping flash cookies separated,,,
15536,"KryptykOG - Banned eBooks, Carding CC Tutorial, General software",,,
17513,Laptop bought with debit card,,,
47409,Laptop opsec?,,,
22947,Latex Gloves & Prints,,,
53798,Linux on usb,,,
8376,linux question,,,
40178,Linux Security,,,
42682,Linux-->Public Wifi-->VPN-->VM-->SOCKS5,,,
6270,LiteCoin Guide.... (review) Make $100,,,
19354,Lost my PIN !???,,,
15075,"LOVELY Guides And Ebooks For YOU! (CIA Shit, Drug Recipes, Etc...)",,,
5242,MAC Address,,,
2506,Mac address changer/spoofer for mac please,,,
47249,mac adresse,,,
19198,Mac Security Help,,,
50020,Make Sure you are not Leaking WebRTC !! If you can see your real IP .,,,
2739,Making Money Via Hacking,,,
18977,May have found perfect drop address?,,,
3379,MegaCheap fresh UKNonVBV Bin List,,,
6233,melaro store,,,
1502,"Mobile App ""Hushed"" for Burner Phones???",,,
8781,mobile hotspot,,,
42826,Mock order with unencrypted address,,,
5902,Mother's Maiden Name help,,,
46090,Msr606 setup,,,
5215,mullvad.net,,,
2887,My guide to hardware data storage/encryption/mobiles,,,
7537,my setup + Security risks of not using public wifi?,,,
13378,N00b question - Operating System,,,
42923,Need help Fedora 21 setting up socks5,,,
53895,Need rdp for pp asap,,,
10478,Netflix Accounts,,,
29008,NEW TUTORIAL is out... VuDu INTRO TO BASIC carding for n00b  FREE,,,
12154,Noob Guides Here For Sale Cheap!!,,,
41745,NordVPN - 2 years for only 39$,,,
9528,Ohio License - Best Seller?,,,
19469,Only â¬10 Euro!! [ULTIMATE COUNTERFEIT â¬50 GUIDE],,,
20566,onyekaozuru is here again ( Guide_-_The_Ultimate),,,
33900,oops,,,
41935,Operation Onymous FUD,,,
50410,Opinion on using those self destructing message websites over SMS?,,,
40884,Opinions/Facts about Tor Project's Orbot for Android,,,
40980,"order seized, need some advice",,,
5766,Other Secure Storage Services like WUALA?,,,
49295,PASSMAN the guide scammer,,,
3147,Payday Loan Scheme and Security,,,
2129,paypal security questions,,,
16485,Paypal security?,,,
12481,PayPal Transfer - Cashout [ DIY v 2.0 ],,,
12174,PayPal Transfers [DIY],,,
46331,Peerio messenger,,,
15623,persistence manualy,,,
50751,Phone Questions,,,
1089,phone verification?,,,
4132,"PIA(VPN) + Proxifier issue,",,,
4130,PIA(VPN) + proxifier issue.,,,
37946,Picking Up money using out of state id,,,
21389,Porn accounts lifetime and cheap ebooks!,,,
1033,Post your security set-ups,,,
52943,Postal safety,,,
19204,Potential serious LE problem,,,
18431,"PP, Neteller, Skrill, Casino, ETC under VM",,,
12080,Pracically a free guide,,,
4079,prepaid cards,,,
3859,privateinternetaccess + burner laptop(new) =Secured?,,,
52120,"Problem with getting 3g dongel working with linux,will pay for help",,,
45860,Problem with Tails on Mac,,,
2636,Problems with MAC changer.,,,
51509,Profiling International Packages by Customs. PSA: CHANGE YOUR STEALTH,,,
5698,Protect your ass or else your ass is grass..,,,
10694,ProtonMail.ch - end to end encrypted email,,,
7472,Proxychains + Tor Browser Bundle Error,,,
4470,Proxyescort what do you think? legit or not?,,,
3644,Purpose of a VPN (for carding)?,,,
48088,Question about HWID.,,,
18491,"Question on Whonix, VPN and public wifi",,,
9296,Question TMAC,,,
7032,quick question on socks and proxy,,,
45838,Quite new to be anonim,,,
53336,RDP Question..,,,
53432,Rdp vendors,,,
7101,RDP@s,,,
6449,recomend a pp guide,,,
22376,Redundancy of Dewbs Guides,,,
42270,Running my Tails USB on Virtualbox,,,
45664,Safe email,,,
18803,Safety advice,,,
7717,Scanning sites with Acunetix,,,
49269,Secure setup,,,
47439,Security advise needed,,,
48796,security set up paypal,,,
17878,Security Setup,,,
16119,Serious Mac/Jabber issue! PLEASE READ!,,,
50611,Setup advice needed!,,,
8315,Setup predicament Ã,,,
4070,Short codes to US number -without- physical SIM?  Possible?,,,
49482,Silk Road Reloadedâ Adopts I2P Anonymous Network and Darkcoins,,,
49995,Size of Envolope 120g? Help/opinons needed guys,,,
17452,skype+socks,,,
7651,SMAC on VMware Wind 7,,,
12242,Socks,,,
41538,SOCKS after Tor exit node: does it really make sense?,,,
2908,Socks Escort VS VIP72,,,
10680,socks for ally,,,
4443,SOCKS5 Proxies?,,,
40739,SOCKS5 Question,,,
52317,Some vendors dont use MBB!,,,
17268,someone recommend me a good reliable VPN service!?,,,
38989,SOUND SURVEILLANCE HELP NEEDED! asap,,,
1303,speed of socks5 with vip72,,,
2804,spoof sms question?,,,
3274,Spoofing phone calls,,,
4160,ssn,,,
50643,start selling marijuana,,,
5899,Startup session,,,
44843,static ip address,,,
4260,Stay safe using RDP,,,
41216,"Stay safe, use my NL drops",,,
42425,"stealth address, how to!",,,
9908,StrattonOakmont Cashout Package 2.0 - SALE 50% off!,,,
8018,Strong security guide - not for beginners,,,
10477,survey: how many of you change your hostname when using public APs?,,,
46376,Swim,,,
51695,Tails - computer recommendations for v1.3 ?,,,
12435,Tails + WINE = Permission denied,,,
31210,Tails 1.1.2 - Save Firefox add-on to Persistant,,,
52124,Tails 1.3 Changes -- Help Thread,,,
42863,Tails error when try to configure persistent volume,,,
1624,TAILS Issue 30$ btc for a post that solves this issue.,,,
2176,Tails on usb vs tails live cd,,,
15187,tails problem,,,
41166,tails problem lots of people asking this question,,,
5644,TAILS questions,,,
40931,TAILS won't connect to internet,,,
4822,TCP/IP monitoring which tool to use ?,,,
51384,tester,,,
23244,The BEST Guide for UK Ever Guaranteed Â£500.00 from most DEAD Fullz.,,,
18433,The carders mentoring haven.,,,
19203,THE easiest/best way to cashout BTC?,,,
8061,the future in smarphone security,,,
22482,The Stoners Cookbook | $2,,,
22894,"The Ultimate guide to FREE takeaways in UK only, Just Eat and more",,,
15154,This VPN. Privateinternetaccess opinions??,,,
51832,thnx evo,,,
6367,Time & Date Settings,,,
2785,Tips for Staying Anon Withdrawing from ATM,,,
7730,Too much security?,,,
6331,tor & socks safe?,,,
657,tor browser,,,
48467,Tor browser + socks5 on top? Help!,,,
7304,tor guard a legit vpn,,,
5223,TOR not working on Windows 8.1 computers?,,,
52640,"Tor settings, PLEASE !!! advice needed.",,,
17167,"TOR, VPN and RDP",,,
3245,Torchat  connection problems,,,
6878,Tracking thru TOR?,,,
47263,truecrypt linux file system.,,,
11656,Turn Yo Girlfriend into Yo DADDUZ BOTTOM BOY - Ebook,,,
53697,Tutorial: High Security Virtual Machines,,,
10378,TutorialMaster Page,,,
11677,Uk cardable website make thousands,,,
42257,UK mail services as drops?,,,
15867,UK or EU VPN,,,
6164,UK Socks5,,,
48737,UK to UK possible intercept,,,
22057,ULTIMATE COUNTERFEIT â¬50 GUIDE. Only â¬10!,,,
13196,ultrasurf,,,
49680,UNABLE to claim multisig funds and would like my coin back!,,,
7656,Unbias Paypal Guide Review...,,,
2160,Up to $1000 a week method,,,
41526,Upload pictures in tor,,,
53060,Uploading Pictures.,,,
14274,URGENT - how do i chain socks5 in Whonix virtual machine?,,,
8835,usb xubuntu uninstall help,,,
4919,use free CC to buy vpn and socks5,,,
18200,Using a business for a dropoff Location,,,
8484,Using a CC to make bank transfers,,,
42143,using file shredder 2.5,,,
53123,Using PO Boxes?,,,
42448,using your home internet vs public free wifi?,,,
53451,USPS big delays ???,,,
54095,"Vendor ""Retirement""?",,,
26257,VENDOR name in GREEN how to get verified??,,,
26258,VENDOR name in GREEN how to get verified?? VENDOR / HIGHLIGHTED,,,
6442,Vendor Security,,,
51388,Vendor using Android,,,
50424,Very cheap VPN for $3 a month - NordVPN. Stay anon,,,
2875,Vip 72socks,,,
45812,"Vip72 ""unexpected error occured""... any other similar sites out there?",,,
1182,VIP72 down,,,
44225,VIP72 or Socks with Tails,,,
6697,VIP72's recommended set-up for me!,,,
45475,Virtual Office Drop,,,
5158,virtualbox or vmware in whonix or tails,,,
6740,VirtualBox Proxy Options,,,
47147,VM (Encrypted) + Tails Setup?,,,
52688,VM and VM OS,,,
53943,VM/PayPal/Fingerprint/Dedicated IP,,,
53531,Vmad invite pls,,,
1093,Voice authorization for cc payments,,,
12155,Voice Calls,,,
41233,vpn -> TOR -> vps?,,,
51250,Vpn + Tails??,,,
18900,VPN > Tor,,,
4104,VPN > VM,,,
16354,VPS opinions,,,
44751,VPS. Naunet or someone else,,,
29282,VuDu Tutorial---HOW TO USE A 201 on CHIP ENABLE POS,,,
31932,VuDu tutorials ADDED 4 new tutorials,,,
29291,VuDu--MOST ADVANCED INSTORE tutorial --REAL valid HIT rate of 90% ****,,,
50718,wanted: VPN provider + SOCKS provider,,,
9553,Was a acer Chromebook a good idea?,,,
9171,Webmoney to BTC Guide (Resale) $50,,,
27201,What a good deal I got from Etimbuk,,,
48426,What actions to take before I become a vendor,,,
4708,What are ppl using now that anonfiles doesn't do zips or rars anymore?,,,
2329,"What do you think about this carding setup? [EDIT: Nope, it's stupid]",,,
3826,WHAT IS A BURNER LAPTOP?,,,
4506,What is ICQ chat and other questions,,,
8482,what is the best easiest way to secure computer,,,
11255,What is THE best PP/CC to Â£Â£Â£/BTC method on the deepweb for noobs?,,,
2701,"What is the best setup and protection for carding? (Vm,vpn,socks5 etc)",,,
47569,Where can I get Proxifier portable?,,,
46792,Which computer for VMs?,,,
18815,Which is the most safe Jabber(XMPP) server to use ?,,,
41062,Which VM (Virtual Machine) would you recommend? What is the best one?,,,
18496,Which VPN & Socks 5 do You prefer to use ?,,,
54450,"Which XMPP server is the most safe to use for Jabber ? NO logs, etc.",,,
14597,whonix,,,
39989,Whonix -> VPN -> Socks5,,,
14289,Whonix => VPN => Tor => VPS => VPS... Need some advice in config,,,
17373,whonix and vpn?,,,
17105,Whonix in Virtualbox vs. Tails in Virtualbox,,,
8107,Whonix problems,,,
8016,Whonix/TOR and ISP,,,
46974,Why do i need to re-enter my credentials twice?,,,
42176,Why Don't people hack more WIFI,,,
14451,Will this be safe?,,,
3000,Windows 8 Tablet User-Agent,,,
34183,Wiping Computer?,,,
8810,"Would anyone like to swap me some CC's for my ""FAKE â¬50 NOTES GUIDE""??",,,
50804,would it be be safe to use wifi hotspot closed to someone's residence,,,
54010,x,,,
6089,"Xbox One downloadable games [Titan fall, BF4, NBA 14, + MANY MORE!]",,,
49205,xxr,,,
5023,your preferred security set up?,,,
12151,Yummy! Olive Garden Recipes!,,,
