thread_id,subject,New Code,LLSum,AutoCat
707,address mail for the darknet,Anonymity – Other,,
954,Is it Ok to use initial for last name on mailing address?,Anonymity – Other,,
1196,Clear address for buying?,Anonymity – Other,,
52,Secure .onion Email Provider,Anonymity – Other,,
1737,Alternative email provider thats secure other than riseup?,Anonymity – Other,,
1816,Question: How Do You Stay Fully Anonymous Online?,Anonymity – Other,,
17385,My new encryption tool,Anonymity – Other,,
17,Do NOT use your facebook/MSN/LinkedIn/whatever email with this site!,Anonymity – Other,,
2515,Your Data Safty Tool  -- True Crypt -- Usage Tutorial to stay S.A.F.E,Anonymity – Other,,
14343,question about tails,Anonymity – Other,,
18494,New Tails update has no Javascript disable option?,Anonymity – Other,,
15472,e mail and tails,Anonymity – Other,,
13993,"Tails: Clone & Install, Create Persistence not working",Anonymity – Other,,
13601,Extra anonymity when using Tails,Anonymity – Other,,
9719,email-service after TORMAIL,Anonymity – Other,,
12448,TAILS - Iceweasel,Anonymity – Other,,
11910,What email to use for Blockchain and Localbitcoins.com,Anonymity – Other,,
9261,Using Tails to connect to BMR,Anonymity – Other,,
7115,Is FBI/NSA trying to compromise my webserver's location?,Anonymity – Other,,
10437,Encrypting the encrypted??,Anonymity – Other,,
12265,electrum hidden service,Anonymity – Other,,
80,Setting up TAILS including a persistent volume,Anonymity – Other,,
251,Raspberry Pi & A Slice Of Anonamization.  Hosting With Nginx Or As A Customer! ,Anonymity – Other,,
309,Anonymous Payments Methods other than BTC,Anonymity – Other,,
54601,Best email provider?,Anonymity – Other,,
22004,Staying safe as a Vendor,Anonymity – Other,,
56118,Do LE could change my DNS server?,Anonymity – Other,,
55989,HOw send email to multiple addresses completely anonymous?,Anonymity – Other,,
42562,question about tails,Anonymity – Other,,
44806,DHCP is not enabled ???,Anonymity – Other,,
1045,ip-score.com,Anonymity – Other,,
4474,buner phone app,Anonymity – Other,,
10970,How would LE pinpoint your location?,Anonymity – Other,,
6464,Anonymity/Security - Good email provider?,Anonymity – Other,,
37899,Anonymous File Hosting,Anonymity – Other,,
11861,New identity Needed,Anonymity – Other,,
46898,Vendor using just tails?,Anonymity – Other,,
17342,tails on public wifi - safe ?,Anonymity – Other,,
15944,â â â BYE BYE BIG BROTHER BBBB - 500 usd value  â â â,Anonymity – Other,,
32012,"Tails, Good enough to Buy?",Anonymity – Other,,
728,SOCKS-change your IP in Firefox,Anonymity – Proxies,,
724,Chaining a Socks5 With Tor,Anonymity – Proxies,,
2251,SOCKS 5 PROXY TO VPN,Anonymity – Proxies,,
13098,Socks,Anonymity – Proxies,,
13320,VPN - Socks5,Anonymity – Proxies,,
11714,Tails + public hotspot + socks5 proxy,Anonymity – Proxies,,
11315,Help Tor through Socks,Anonymity – Proxies,,
272,Socks5,Anonymity – Proxies,,
53077,Luxsocks.ru review,Anonymity – Proxies,,
287,Proxychaining Skype = safe?,Anonymity – Proxies,,
55811,Do i really need socks?,Anonymity – Proxies,,
55747,IP location & other info,Anonymity – Proxies,,
54980,Problem using Socks with Firefox,Anonymity – Proxies,,
50323,Need a good socks5 provider (no VIP72 thanks),Anonymity – Proxies,,
53640,Best VPN/SOCKS to use?,Anonymity – Proxies,,
209,VPN Socks Proxy????,Anonymity – Proxies,,
55095,How to use SOCKS5 as last in chain?,Anonymity – Proxies,,
43246,Bad socks or GEO located by HTML5?,Anonymity – Proxies,,
20278,How To Use Proxies Guide,Anonymity – Proxies,,
50374,How Can I use Socks5 on Ubuntu Linux?,Anonymity – Proxies,,
1334,Using Vip72 software in ubuntu,Anonymity – Proxies,,
3335,Setting Socks5 w/o VIP72,Anonymity – Proxies,,
3397,On average how well to vip72 socks work on hacked paypal accounts?,Anonymity – Proxies,,
17605,Using Socks through TOR on MAC?,Anonymity – Proxies,,
47713,Socks dont work :( :( :(,Anonymity – Proxies,,
44985,Sock5,Anonymity – Proxies,,
49589,How to setup Proxifier w/ WINE and VIP72,Anonymity – Proxies,,
3658,Proxifier is driving me insance [HELP],Anonymity – Proxies,,
2016,How do you use vip72 with proxychains?,Anonymity – Proxies,,
4440,Specific SOCKS5 locations...,Anonymity – Proxies,,
12645,IP/Socks provider for iPad,Anonymity – Proxies,,
54394,can i card socks,Anonymity – Proxies,,
44779,best VPN/SOCKS provider?,Anonymity – Proxies,,
1103,Transferring Bitcoins through tor,Anonymity – Tor,,
1082,Tor Configuration settings.Tor is not enough Now Configure ,Anonymity – Tor,,
2734,Why is browsing clearnet with Tor a security risk?,Anonymity – Tor,,
14089,How to update Tor?,Anonymity – Tor,,
15096,When your torbrowser starts acting funny with www preceding onion url,Anonymity – Tor,,
17658,Tor or Clearnet,Anonymity – Tor,,
14081,Massive use of TOR...,Anonymity – Tor,,
16929,Tor question,Anonymity – Tor,,
15827,Tor2Web Header Info,Anonymity – Tor,,
17211,Tails+VPN+Tor+Data Encryption?,Anonymity – Tor,,
8548,Onion Links? Safe-mail?,Anonymity – Tor,,
13484,TOR Browser looking a bit different when you open?,Anonymity – Tor,,
2891,What can my Internet provider see when I use TOR?,Anonymity – Tor,,
11341,Long-Term online wallet storage for Tor?,Anonymity – Tor,,
2428,New TOR Service - Alternative to PGP - Encrypted Anonymous Messaging,Anonymity – Tor,,
11771,Tor check not working?,Anonymity – Tor,,
11832,New Tor-Browser-Package tor-browser-2.3.25-14_en-US Corrupted?,Anonymity – Tor,,
10836,Why is tor still overloaded?,Anonymity – Tor,,
429,Downloading files with Tor,Anonymity – Tor,,
12200,How much safer is tails than plain Tor?,Anonymity – Tor,,
60,Increase Tor client security by network isolation,Anonymity – Tor,,
528,Iran Blacklists TOR Network,Anonymity – Tor,,
527,"WTF?! US GOV""T Increases Funding for TOR + $1.8 Million!",Anonymity – Tor,,
15,"New Tor browser bundle (TBB) 3.5.3, Tails 0.23 released today",Anonymity – Tor,,
2,Easy TOR & PGP Guide 4096 RSA,Anonymity – Tor,,
501,TOR BROWSER UPDATE!,Anonymity – Tor,,
850,Jabber over Tor,Anonymity – Tor,,
62,"A guide to XMPP, Off-the-Record, and basic chat client configuration with Tor",Anonymity – Tor,,
460,How to setup ICQ trough tor?,Anonymity – Tor,,
47966,WARNING: Browser Security Hole Detected,Anonymity – Tor,,
56482,Anonymity:Download files with tor under tails,Anonymity – Tor,,
33082,Tor Project - TAILS for Dummies!,Anonymity – Tor,,
52723,Tor by itself is not enough - Whats the highest security you can get?,Anonymity – Tor,,
41931,tor browser error,Anonymity – Tor,,
6457,Password manager for Tor?,Anonymity – Tor,,
45903,I am currently using a yahoo email over TOR as my darknet email - bad?,Anonymity – Tor,,
14795,What goes on TOR stays on TOR,Anonymity – Tor,,
7052,"The term ""TOR stand alone""",Anonymity – Tor,,
54451,How to configure Pidgin to use TOR ?,Anonymity – Tor,,
51287,how LE tries to de-anonymize TOR users,Anonymity – Tor,,
5942,"Looking for VPN from Northkorea, bolivia, Venezuela",Anonymity – VPN,,
1363,How can I block my VPN from sending out IP Logs?,Anonymity – VPN,,
10231,What VPN service do you use/reccomend?,Anonymity – VPN,,
1449,CyberGhost Classic VPN 12 months prepaid 20 GBmonth promotion discount,Anonymity – VPN,,
1763,Blackhat VPN with No Logs,Anonymity – VPN,,
10884,Free VPN service ?,Anonymity – VPN,,
9894,is there any point using a VPN with liberty?,Anonymity – VPN,,
11912,Zorro VPN?,Anonymity – VPN,,
90,How does one set up a double VPN,Anonymity – VPN,,
159,VPN Security Question,Anonymity – VPN,,
55909,why use a VPN?,Anonymity – VPN,,
54452,Can anyone recommend a good VPN,Anonymity – VPN,,
54301,Best VPS + VPNs bitcoin / cardable,Anonymity – VPN,,
55122,How to configure VPN-Whonix-VPN-Tor-Socks5 ?,Anonymity – VPN,,
55613,"VPN not stable, need help plz",Anonymity – VPN,,
10177,free vpn tutorial,Anonymity – VPN,,
1453,using 2 vpn's at same time?,Anonymity – VPN,,
45702,is cyberghost a good vpn client?,Anonymity – VPN,,
16682,PureVPN or BolehVPN?,Anonymity – VPN,,
2041,Recommened VPN'S?,Anonymity – VPN,,
54559,VPN -> TAILS in VM -> VPN -> RDP?,Anonymity – VPN,,
6958,Best Android VPN,Anonymity – VPN,,
15496,To vpn or not to vpn,Anonymity – VPN,,
4584,connect home router thru VPN aswell ?,Anonymity – VPN,,
42745,VIP72 + vpn,Anonymity – VPN,,
16017,VPS and VPN,Anonymity – VPN,,
3781,which VPN service do you recommend?,Anonymity – VPN,,
4700,Have you been infected by Vip72?,Anonymity – VPN,,
3004,Free VPNs for Mac and Windows,Anonymity – VPN,,
879,card + drop in the US,Carding,,
726,Hacking for Profit: Credit Card Fraud A Beginners Guide,Carding,,
1215,Amazon Carder,Carding,,
730,Instore Carding Tutorial,Carding,,
729,Merchant Codes for instore carding,Carding,,
7205,The Art of Carding,Carding,,
14331,CC's,Carding,,
4363,Authorized User Trade Lines for Credit Cards,Carding,,
212,mastercard,Carding,,
55248,â­ APPLE CARDING METHOD // iPHONE/MAC/iPAD // VOUCHED! // $$$ 5/6 LEFT,Carding,,
45536,[2015] CARDING TUTORIAL - Best for new players! *Very detailed*,Carding,,
50662,:::HQ::: TOP CARDING LESSONS*** LIVE COACHING*** Price will raise soon,Carding,,
44928,[!NEW!] 2015 USA Western Union Carding Tutorial - $50,Carding,,
20314,[AWESOME] CARDING UNIVERSITY VIRTUAL EDITION [CUVE] +FraudFox,Carding,,
20314,[SUPERIOR] CARDING-UNIVERSITY From Noob to Pro [SUPERIOR],Carding,,
55672,[Exclusive] Fullz to Credit Card With Pin! [US & UK!],Carding,,
249,OS for carding?,Carding,,
1041,Make Thousands Carding Diamonds and Gold Method *Limited time only*,Carding,,
55347,Setup for carding,Carding,,
38768,ââ  â¥â¦â£â  CARDING&CASHOUT with Online Poker - 48 Pag. Guide â¥â¦â£â   ââ,Carding,,
1876,99% Guaranteed Cardable Site with guide *Undiscovered*,Carding,,
53381, ­ iNSANE SPAMMER - BECOME EVO'S NEXT BIGGEST CARD SELLER! [$$$],Carding,,
55564,Free tutorial - How to hack cc - MUST HAVE!,Carding,,
1204,Private Carding Vulnerability [1 COPY],Carding,,
31110,CONvenient Live Tutoring [Skrill/Paypal/Venmo/Auto-/Virtual Carding],Carding,,
47544,[GUIDE] Square Cashout. Make $500 a day from CCs. Make Bank Drops.,Carding,,
47544,[GUIDE] Square Cashout. Make $500 a day from CCs. Using Prepaid Drops,Carding,,
1247,Using Carded items is it safe?,Carding,,
920,Card thousands a week [Private Method],Carding,,
52890,­CARD ANYTHiNG VIA 3RD PARTY! // VOUCHED & PROVEN // $350+/DAY,Carding,,
52890,­ CARD ANYTHiNG VIA 3RD PARTY! // VOUCHED & PROVEN // $350+/DAY,Carding,,
27998,[Vouched] All-In-One Carding/Hacking/Spamming,Carding,,
13284, ~ THE VERY BEST CARDERS AND GET MONEY GUIDE v4 ~ ,Carding,,
3088,Private Carding [1 BTC][4 LEFT],Carding,,
45636,"CC shops list ""CCSHOPROJ"", by Projeccao (English and franÃ§ais)",Carding,,
25577,Sell CVV ::SELL TRACK2 ::Buy CC::SELL PayPal ::SELL EBAY ACCOUNTS::,Carding,,
1349,Card thousands a week [Private Method] [2/10 Copies Left],Carding,,
21657,Are there any guides on phishing for credit cards?,Carding,,
3758,TUTORIAL FOR CARDING V2.0 Updated(4k$ to 5k$/week)price 0.20BTC,Carding,,
26128,FRIM's God-Like Carding Guide,Carding,,
41383,[VOUCHED] UK Carding + Drops + Cashing out CVV + PayPal + More!,Carding,,
12922,How to Card Virwox [NOOB GOLD],Carding,,
1649,Using carded electronics outside the American and European countries ?,Carding,,
20778,MH9's Stripe Guide,Carding,,
19756,"[GUIDE] How to card ""ONE4ALL"" vouchers [IRELAND] ONLY â¬20!",Carding,,
28098,Selling A guide how to card itunes and be 100% sucessfull,Carding,,
47903,Carding Setup Advice (confirmation ) !!,Carding,,
38633,Carding Starter Kit,Carding,,
46349,Am I Good to Start Carding ?,Carding,,
21198,(VOUCHED!)STRIPE CASHOUT GUIDE //////// Priced reduced back to $80,Carding,,
12467,*VERSION 4* Carding Gude by Infamous Bank ATOer Alpha02 Now Available!,Carding,,
26590,"CARDING METHODS FOR FREE (buy Rolex's, Tranfer Â£1500, Buy Iphones etc.",Carding,,
4868,New Vendor - The Ultimate Guide to Everything Amazon/eBay/Carding/More,Carding,,
13308,$$ [VOUCHED] Credit Card to Bitcoin-2 methods. Only $7 $$,Carding,,
7036,FOR ALL CARDERs!!!!!!!!!,Carding,,
17994,How to use Stripe EU guide (how carding the easy way),Carding,,
27586,Open a UK Issued Card with HUGE limits and FULL Features,Carding,,
18054,Guide Carding funds Visa Debitcard 3Vcard Version 1.0,Carding,,
8049,search engine get credit card details for you,Carding,,
4159,Burner laptop for carding,Carding,,
4501,Best UK Carder specific guide out.. BUY NOW!!,Carding,,
9510,How to collect Fullz off your cc's,Carding,,
6774,"[ULTIMATE Megapack] [Carding, Fraud, Hacking, Be safe] MUST HAVE!",Carding,,
23805,Where can I find a good and working CC>Anon CC or BTC guide?,Carding,,
43582,NEW virwox Carding/paypal guide for bitcoins Fresh method!,Carding,,
11515,"GUIDE On HOW TO HACK CREDIT CARDS, BANK LOGINS",Carding,,
3759,help i  carded with no security set up,Carding,,
13209,ULTIMATE Carding Website - Guide,Carding,,
12701,Turn your cvv into fullz[$15][VOUCHED],Carding,,
27588,CARD Rolex Watches UK special... most wanted and requested guide!,Carding,,
383,Update: Mixers & Cleaners,Cashing Out,,
961,"Paypal transfers, refunds, PP rings...anyone here?",Cashing Out,,
796,*Stickey* IceManDan's Bitcoin cleaning process! (clean BTC to market),Cashing Out,,
145,Laundering services,Cashing Out,,
395,Bitcoin Mixers!,Cashing Out,,
220,Did anyone use this mixer?,Cashing Out,,
1752,help convert CC info to BTC,Cashing Out,,
1142,Coins sent to DNM without washing,Cashing Out,,
2628,WAYS TO CASH OUT BITCOINS ANONYMOUSLY,Cashing Out,,
1905,Bitcoin Tumbler,Cashing Out,,
435,List Of Working BTC Mixers,Cashing Out,,
18124,cashing out bitcoins?,Cashing Out,,
18293,New Vendor wants to know how to clean dirty money,Cashing Out,,
14761,BitcoinFog,Cashing Out,,
11952,Laundering Illicit Funds,Cashing Out,,
18012,Bitcoin tumbler?,Cashing Out,,
2432,Buying Bitcoins with debit card or paypal account,Cashing Out,,
9292,Sheep Marketplace does NOT tumble bitcoin,Cashing Out,,
1512,Cash out Question,Cashing Out,,
445,Did anyone use this mixer? ,Cashing Out,,
320,Goto coin mixing service after the death of SharedSend?,Cashing Out,,
183,Bitcoin Mixer,Cashing Out,,
55469,RHH's Personal CCV Cashout Method,Cashing Out,,
1407,Paypal >> BTC | Fresh US Fullz & Socks >> BTC,Cashing Out,,
1515,Paypal to BTC Guide,Cashing Out,,
4081,[UPDATED] Yummy's CC>BTC/Cashout Method + BONUS METHODS v 2.0,Cashing Out,,
55771,   Broom's Cashout Method    CC to Bank [$100]     2015    ,Cashing Out,,
20392,â | JungleMoney | CVV | PayPal | Neteller | BTC | [UPDATED],Cashing Out,,
56120,  CASHOUT USA BANK ACCOUNTS  CASHOUT USA HACKED ACCOUNTS  5k cashout  ,Cashing Out,,
54972,[VOUCHED] PayPal Money Cleansing Guide V2.0,Cashing Out,,
55710,Transform dirty palpal cash to bitcoins without anything leading back?,Cashing Out,,
55949,MyCashout 2.0,Cashing Out,,
49996,CC to BTC Method,Cashing Out,,
55848,[WorldOpen] Paypal MyCash Guide v.1.0,Cashing Out,,
49452,VOUCHED MH9's CC/Dumps Cashout tutoring ***NEW METHOD***,Cashing Out,,
20730,My Latest cashout method|Now Providing the Prepaids Fully Activated,Cashing Out,,
30110,CCV -> BITCOIN v2.0 ~ NO BULLSHIT [03/07/15 NEW & WORKING],Cashing Out,,
42455,[5k USD/Week] Multi-Level Marketing 100% Clean Cashout [Multi-Vouched],Cashing Out,,
55492,Opening and receiving UK high street bank accounts (NO DROP REQ),Cashing Out,,
33710,[IMPRESSIVE] Opening Bank Accounts | ONLY $75 â,Cashing Out,,
27373,StrattonOakmont Cashout 3.1  âUPDATEâ VOUCHED by MH9,Cashing Out,,
56213,   Cleaning out USA Bank Accounts   4-5k in 3 days per acc.  ,Cashing Out,,
56679,can someone recommend a reliable site that offers bitcoins to VCC?,Cashing Out,,
27330,MH9's F**K PayPal Guide Complete Solution V2.1 OUT NOW!!! FEB 2015,Cashing Out,,
27330,MH9's F**K PayPal Guide Complete Solution V2.0 OUT NOW!!!,Cashing Out,,
56164,Bitcoins to cash.,Cashing Out,,
56343,WorldOpen & Heinrichs MyCashout,Cashing Out,,
49457,Direct CC-BTC tutoring,Cashing Out,,
1505,CC>PP Method [10 Copies],Cashing Out,,
50987,[blinder's] how to use and cashout hacked paypal accounts *guide*,Cashing Out,,
54960,Complete Paypal Setup/Cashout. 1k-4k per day. Same Day ROI VOUCHED,Cashing Out,,
8880, | The Four Horsemen | Permanent Vacation CVV Cashout,Cashing Out,,
52496,[METHOD] [$$$] Coin's guide from Fullz & Skrill to BTC/WU! [$$$],Cashing Out,,
649,Paypal to BTC Cashout,Cashing Out,,
54023,MyCashout [ Reviewed & Vouched ],Cashing Out,,
407,CC > Paypal Method,Cashing Out,,
56681,Is bitcoin blender a scam now?,Cashing Out,,
46403,[VOUCHED] $$$ CVV Cashing to iBan Guide $$$ 3k per week!,Cashing Out,,
52753,**CASHOUT HACKED PAYPALS!!** No bank drop needed! CASHOUT TODAY! $$$$$,Cashing Out,,
55157,Cashing out ccv with skrill easy -make 300$ ea CCV,Cashing Out,,
54520,DexterMorganCVV's Premium Paypal Guide[40$] -FREE US FULL w.purchase,Cashing Out,,
1013,Selling Paypal to BTC method,Cashing Out,,
815,New Paypal Doubling Service/Method,Cashing Out,,
53927,The PayPal Cashout,Cashing Out,,
56566,CC2BTC 2015 SHOP No FAKE PROFIT ClaimsOld & Trusted Vendor,Cashing Out,,
56609,Safe These Days To Use An ATM To Cashout?,Cashing Out,,
873,CashCash CC to BTC guide,Cashing Out,,
13503,[VOUCHED] Blackhat Paypal Pack,Cashing Out,,
8647,CASHOUT PAYPAL TO BTC (videos + tutos + software )***FULL PACK 2015***,Cashing Out,,
24151,Paypal Transfer Guide,Cashing Out,,
11153,PayPal To BTC - Vouched [ 0.3 BTC ] Newbie Friendly,Cashing Out,,
20790,(VOUCHED) open real bank accounts,Cashing Out,,
14256,[VOUCHED]The ScoobyJew Cashout [Limited time offer],Cashing Out,,
38487,[VOUCHED] TG - Paypal DOUBLEUP Guide - V1.0,Cashing Out,,
22842, Paypal Ninja  How to Transfer from Hacked Paypal Accounts!,Cashing Out,,
43320,The Amazon Mine & The Starbucks Cashouts,Cashing Out,,
32192,"MISTERBITCOIN's PAYPAL GUIDE - Transfers, middle mans, cash outs!!",Cashing Out,,
27559,£££StrattonOakmont's Amazon Cashout£££   Now only 50$,Cashing Out,,
6669,[Best Seller] [Exclusive] Donald Trumps Mega Cash Out v3.0,Cashing Out,,
6221,PP/VCC to BTC method! [HOT] [REVIEWED],Cashing Out,,
40318,best tumbler/mixer?,Cashing Out,,
30773,MH9's gateway paradise CC cashout UPDATE!!,Cashing Out,,
7727,CC to BTC/e-currency cashout Guide,Cashing Out,,
30005,[ULTIMATE] Paypal Guide v4.5 // STATUS: Available // [1/10],Cashing Out,,
30005,[ULTIMATE] Paypal Guide v4.5 // STATUS: Available // [2/10],Cashing Out,,
48480,â | MonkeyBusiness 1-on-1 PayPal Tutoring,Cashing Out,,
14267,âthe grand paypal hustleâVouchedâ8* open spot`sâ100%working methodâ,Cashing Out,,
37721,-->Â§[VouchedByNancy]|Cashout PAYPAL to BTC |DECEMBER2014|OneEASYway|Â§,Cashing Out,,
35491,The Legionnaire Cash-out by Titus Pullo (CLOSED),Cashing Out,,
35491,The Legionnaire Cash-out by Titus Pullo,Cashing Out,,
3559,Sonics CC/PP to BTC Method ( 1.0 BTC per CC ) { SOLD OUT },Cashing Out,,
28152,"Poker Cashout Guide , VOUCHED",Cashing Out,,
11357,CC - BTC (clean) method (vouched),Cashing Out,,
13234,SALE!!!!!!!!!!!!!!!  CC-BTC ONLY 35$ FOR THE NEXT 24HRs,Cashing Out,,
7774,CC>PP and PP>BTC,Cashing Out,,
43454,VOUCHED - Cash Out ANY Bank Account & Make Killing w/ ACH Transfers,Cashing Out,,
47109,bitcoinfog deposit never arrived,Cashing Out,,
10126,[Vouched] Yummy's CC to BTC Method [Temporary Closed],Cashing Out,,
16834,$30 Cashing out CC's + Paypal + more(tons of cardable sites!!),Cashing Out,,
3741,Stratton Oakmont's Cashout method [VOUCHED BY YASUO] *HALF PRICE 300$*,Cashing Out,,
33366,"Cashout CC auf ANON oder AMAZON GUTSCHEINE, methode frisch!",Cashing Out,,
48502,Blockchain - Bitcoin Mixing Service,Cashing Out,,
11564,â Purchase The God of PayPal's Method â Transferred over $100K+,Cashing Out,,
5508,NOOBS : Read This Before Buying Any CASH OUT METHOD here !!!,Cashing Out,,
12447,Credit Card to Bitcoins [25$],Cashing Out,,
12447,Credit Card to Bitcoins [25$],Cashing Out,,
27605,"UK MONEY Obtain REAL high street BANK accounts, Credit card, Loan",Cashing Out,,
2050,Direct CCV > BTC ( Almost ) Copies left (2) Out of (5),Cashing Out,,
3673,The ScoobyJew Cashout [SOLD OUT],Cashing Out,,
47478,Bitcoin fog problem!!!,Cashing Out,,
10151,BEST cashout methods available on Evo- 1-5K a week$open4business$,Cashing Out,,
8325,(VOUCHED) cashout method to make you 4-5k a week(stillgoing),Cashing Out,,
4397,PayPal CashOut/MiddleMan Accounts Obtaining and CashOut Guide-MakiKaki,Cashing Out,,
12507,PayPal To PayPal 100% [CLEAN],Cashing Out,,
2272,MonkeyBusiness APPENDIX - CVV to bank,Cashing Out,,
4599,CASHOUT CC IN (1-2DAYS),Cashing Out,,
10511,âââ StrattonOakmont Paypal Basics - Now 25$ Great Priceâââ,Cashing Out,,
3810,Easy Cashout Guide:** CC -> IBAN/PP **,Cashing Out,,
14764,â â World Of Warcraft Cashout Method  â â [UK][USA][WorldWide][5/5],Cashing Out,,
3788,Cashout Service? Edit: Altair is now making a guide on it,Cashing Out,,
15391,[**ONLY 2 LEFT** ] PAYPAYL to BTC/E-CURRENCY V.2.0 Make 500$ per PP,Cashing Out,,
23004,[Vouched]High Quality CC-> BTC Method Experienced carders earn $1000/d,Cashing Out,,
51152,What BTC laundering/tumbler sites do you use?,Cashing Out,,
5318,HOW TO CASHOUT PAYPAL VIDEO + 12 BONUS GUIDES - Passman - DO NOT BUY,Cashing Out,,
2138,PP - Coinbase = Cashout,Cashing Out,,
3947,{Vouched} UK Fullz CC - BTC Cashout Method,Cashing Out,,
42487,"New way to cashout with CVV non AVS, recieve cash straight up",Cashing Out,,
13553,Police investigation over paypal money,Cashing Out,,
46099,"Clean Gift Cards, Bitcoins and Amazon",Cashing Out,,
26664,âUK Fullz cashout guide Â£2500 per week â SOLD OUT â,Cashing Out,,
12109,âSimpleâ âElegantâ âCC-BTC Methodâ âBrand Newâ AVAILABLE NOW,Cashing Out,,
11244,CC - PP - BTC - 100% Clean Funds Guide,Cashing Out,,
49332,How to get a Triodos bank account never cashout with paypal again!,Cashing Out,,
7167,My unique CC --> PP --> BTC method. INTRO PRICE Â£25 for first 3 sales!,Cashing Out,,
3814,LIMITED OFFER: FRESH TUTORIAL: PP -> BTC [5/5],Cashing Out,,
9022,Make PayPal transfert by yourself ! BIG MONEY,Cashing Out,,
8388,[REVIEWED] CC to BTC cashout guide.,Cashing Out,,
49244,"âââ BRAND NEW 2015 CASHOUT, NO BANKS, Straight CC>BTC, HALF PRICE SALE",Cashing Out,,
15593,Security questions about BTC to Electrum to Evolution,Cashing Out,,
3542,Secilon's CC TO BTC (Almost) method,Cashing Out,,
8533,"laundering ""drug"" money",Cashing Out,,
46505,Laundering services,Cashing Out,,
46134,CC to BTC Method Within 24hours!,Cashing Out,,
48466,Bitlaunder,Cashing Out,,
17361,Buy BITCOIN WiTH CC [07/14] 99$ Offer,Cashing Out,,
9893,"Â£Â£Â£ U.K Bank Transfer & Paypal Transfer WW, Major money maker Guide Â£Â£",Cashing Out,,
15458,removing ink from cheques,Counterfeit Currency,,
9950,learn how to make counterfeit 20 notes [FULL GUIDE] for only â¬20!,Counterfeit Currency,,
802,can't figure out how to pay for purchase with my bitcoins,Cryptocurrency – General,,
1063,how to buy bitcoin?,Cryptocurrency – General,,
1154,abraxas btc wallet,Cryptocurrency – General,,
784,Getting Bitcoin?,Cryptocurrency – General,,
1091,can you make a single Abraxas market purchase with combination dash / btc?,Cryptocurrency – General,,
647,depositing bitcoins help,Cryptocurrency – General,,
706,Depositing Bitcoins,Cryptocurrency – General,,
1179,I donÃ¬'t see my bitcoins in my wallet,Cryptocurrency – General,,
1175,Cant withdraw BTC,Cryptocurrency – General,,
1181,Deposit to Abraxas from Bitcoin ATM or LibertyX?,Cryptocurrency – General,,
639,Bitcoin Tumbler,Cryptocurrency – General,,
1183,Deposit via Localbitcoin?,Cryptocurrency – General,,
278,Buying BTCs thru localbitcoins-how to get them to here safely!!!,Cryptocurrency – General,,
66,Understanding how Bitcoin works,Cryptocurrency – General,,
898,Anoncoin?,Cryptocurrency – General,,
1303,How do I spend my BTC here,Cryptocurrency – General,,
1799,Bitcoin Shuffle - It is your personal bitcoin mixer,Cryptocurrency – General,,
1211,Bitcoin Paranoid Secure Storage Guide,Cryptocurrency – General,,
2730,Some BTC related safety questions for the experts.,Cryptocurrency – General,,
14302,buying bitcoins in Australia,Cryptocurrency – General,,
307,Major BTC exchanges to BMR wallet advisable?,Cryptocurrency – General,,
7228,Bitcoin Mining Tutorial (Newb // Advanced),Cryptocurrency – General,,
17119,earn yourself bitcoins by ptc,Cryptocurrency – General,,
14256,Best Bitcoin Storage,Cryptocurrency – General,,
17863,Bitmessage,Cryptocurrency – General,,
1954,How get bitcoins on a anonym debit card legaly?,Cryptocurrency – General,,
12470,Transfering Bitcoin,Cryptocurrency – General,,
9585,BTC wallet,Cryptocurrency – General,,
11062,Blockchain.info banned IP,Cryptocurrency – General,,
11033,btc client,Cryptocurrency – General,,
9635,bitcoins in mtgox,Cryptocurrency – General,,
1413,Laundering Bitcoin Safley and Anonymously,Cryptocurrency – General,,
11522,BTC trezor (vault),Cryptocurrency – General,,
11309,localbitcoins.com Security Concern,Cryptocurrency – General,,
1146,Buying bitcoins of ebay,Cryptocurrency – General,,
47,Anonymous BTC markets,Cryptocurrency – General,,
372,Intermediary Bitcoin Wallet,Cryptocurrency – General,,
24,What we do and what you should do to secure against Bitcoin Blockchain Analysis.,Cryptocurrency – General,,
317,btc use,Cryptocurrency – General,,
609,BTC 'Conspiracy Theory' - Virtual Currency is NSA or CIA Project,Cryptocurrency – General,,
517,** RESEARCH ** BTC WALLETS ,Cryptocurrency – General,,
54842,localbitcoins phone verification,Cryptocurrency – General,,
51252,Anyone know how to check a bunch of wallets at the same time for btc?,Cryptocurrency – General,,
55106,bitcoin wallets?,Cryptocurrency – General,,
55804,Free Anonimcoin any good?,Cryptocurrency – General,,
55518,LocalBitcoin->Tumbler->Evo,Cryptocurrency – General,,
55972,Mister Bitcoins guide [10$],Cryptocurrency – General,,
42005,How to actually make BTC untraceable?,Cryptocurrency – General,,
9817,Localbitcoins scamVOUCHED METHOD50$comin soon,Cryptocurrency – General,,
48667,LocalBitcoins email,Cryptocurrency – General,,
4112,"Buy btc with credit card, not fake guide",Cryptocurrency – General,,
3129,Buy & Sell BTC using anon vcc,Cryptocurrency – General,,
2910,[New] MULTIPLY YOUR BITCOIN,Cryptocurrency – General,,
15957,"LOCALBITCOINS Scams, Tricks and Hustling Guide",Cryptocurrency – General,,
4398,30+ BITCOINS MONTHLY,Cryptocurrency – General,,
1651,Verify coinbase with phone number?,Cryptocurrency – General,,
26705,Multisig Guide Using Electrum Wallet,Cryptocurrency – General,,
47518,How is it possible to track bitcoin adress real owner? Or ip?,Cryptocurrency – General,,
16586,Offline Bitcoin Wallet,Cryptocurrency – General,,
45703,How often can you buy bitcoins without it being suspicious?,Cryptocurrency – General,,
7271,Building a mining botnet || Private mining BIN || ''AUTOPILOT'' MONEY,Cryptocurrency – General,,
45879,How do you buy BTC at the market price in UK??,Cryptocurrency – General,,
42581,The best way of killing a laptop without a trace..,Digital Forensics,,
54392,Assessing the forensic capabilities of law enforcement,Digital Forensics,,
1138,Grade AAAA buds from top trusted vendor,Drugs – General,,
719,Reputable and Trusted Canadian vendor of high grade medical marijuana ,Drugs – General,,
1102, $40/eigth Cubensis Mushrooms [USA to USA] ,Drugs – General,,
332,OPSEC Lessons from Xanax King & Reddit (clearnet) Link,Drugs – General,,
2522,Glassware: where to find it.,Drugs – General,,
18416,What role does Vitamin C play when used with an ecstasy trip?,Drugs – General,,
16196,Methods to stop Police helicopters picking up infared light from grows,Drugs – General,,
5906,Friend's friend got busted for ordering 25g of weed from SR,Drugs – General,,
4301,hide lsd trips at the airport,Drugs – General,,
3593,Taking prescription drugs into US,Drugs – General,,
10040,aussie dmt sellers?,Drugs – General,,
10827,Follow The Bitcoins: How We Got Busted Buying Drugs On Silk Road's,Drugs – General,,
412,Chances of CD on small amounts of MDMA?,Drugs – General,,
275,"HOW TO USE CANNABIS ROAD AS A BUYER 1 (TOUR, MESSAGING, BASIC PGP INFO, WALLET)",Drugs – General,,
56161,Importation of  prescription only medications to the UK.,Drugs – General,,
55218,Need help with drug order...,Drugs – General,,
8894,"Nitrous Oxide, Become your own nitrous mafia :)",Drugs – General,,
49780,Newbie help! Basic setup for just buying drugs,Drugs – General,,
47804,Sneaking MDMA into a gig - advice,Drugs – General,,
44939,[GUIDE] Create Verifiable Marijuana Recommendations BUY WEED LEGALLY!!,Drugs – General,,
8773,"Want CHEAP Guides? (Free Electricity, drugs? :)) ONLY $1",Drugs – General,,
1628,Cocaine acetone washes (how to guide),Drugs – Production,,
946,How to remove Levamisole and/or Ephedrine from your cocaine,Drugs – Production,,
206,"[Vouched] Step by step guide to homemade Cocaine.Tutorial,Sources&Help",Drugs – Production,,
19009,MDMA Sythesis complete guide. Make your own mdma at home!,Drugs – Production,,
23182,MDA Production Guide [BarnCat & SierraRomeo][$100],Drugs – Production,,
2008,Ragnar Benson books,eBooks – Other,,
39527,How to get iPhones 6 for $150 - Private eBook,eBooks – Other,,
2342,"SexUnderTheSun | We are all journeying | eBooks, Music, Video & more |",eBooks – Other,,
22,Jolly Roger's Security Guide for Beginners,eBooks – Technical,,
23569,| The Four Horsemen 2nd ed.| ladron2 | Blackhat Business Intelligence,eBooks – Technical,,
13039,"Thinking about selling ebooks, what security do I need?",eBooks – Technical,,
12627,eWhore Guides Pics+VCWsâ,eWhoring,,
874,Scam or What?,Fraud,,
2725,phishing,Fraud,,
47,Spot a scammer,Fraud,,
16571,How can I print a fake check ?,Fraud,,
6935,Got access to an online bank account of a random guy,Fraud,,
9825,My account got phised! change your PWs!,Fraud,,
793,Scammer alert: C10Wn,Fraud,,
1934,Celinimo  Scammer,Fraud,,
4318,NEW SCAM ATTEMPT ON MY SELLER ACCOUNT pls read backopy,Fraud,,
11695,My account got hacked,Fraud,,
3846,Warning  SCAM ATTEMPT,Fraud,,
4019,Stealthdraman trying to phish BMR Accounts,Fraud,,
3237,is this fishing site or true site for Freedom Hosting?,Fraud,,
3881,Phishing / Seller account hacked?,Fraud,,
3918,account hacked?,Fraud,,
2830,halo88 FISHING SCAM!!! WARNING WARNING!!!,Fraud,,
41848,EASY PROFIT Get Anything You Want for FREE NO DROP | NO CARDING,Fraud,,
41848,EASY PROFIT  Get Anything You Want for FREE [NO DROP | NO CARDING],Fraud,,
43102,"HOWTO STEAL BITCOIN, no risk, no investment needed",Fraud,,
36284,"So You Want To Be A Refund God? AMAZON,ASOS,ZAPPOS & MORE Handbook V1",Fraud,,
48214,LEGALLY Steal Money From The Bookies: $500/Day,Fraud,,
8823,Ultimate Refunding Guide Version 2.0 UPDATED *Vouched* $$ *EASY* Â£Â£,Fraud,,
3508,HOW to BUILD a WEBSITE (for fraud) + METHOD - PICTURE GUIDE **$100**,Fraud,,
43145,Free drink/s at Starbucks EASY [How to],Fraud,,
46655,Star Alliance Gold Status for 2 Years,Fraud,,
55336,Basic List of Amazon Excuses! Over 1000 Variations! $45,Fraud,,
1037,"* Guaranteed*Ipad Air method & site only *1 Copy left"" $100",Fraud,,
55486,"[IRL] Get FREE PS4, XBOX ONE etc. (Limitless $ opportunity)",Fraud,,
1067,(100% working)How to get Microsoft Surface for FREE,Fraud,,
11375,steal ANY bitcoin wallet(s)no further invest100%working-NOW 50$,Fraud,,
40142,"Order Stuff for Free! (no carding, easy) [vouched]",Fraud,,
11377,steal ANY bitcoin wallet(s)no further invest100%working -ONLY 10$,Fraud,,
7961,[ULTIMATE GUIDE] Lokmann' detailed amazon refund guide,Fraud,,
4518,"100% Free Pizzas from Domino's - Reviewed, Vouched, 100% success rate!",Fraud,,
11499," Free Domino's Food ( Pizzas, sides, drinks etc! ) ",Fraud,,
9353,How to secure an iPhone 5S,Fraud,,
9353,How to secure an iPhone 5S,Fraud,,
14126,ASOS Refunds UK/US - Step By Step Guide - Full Support,Fraud,,
7282,Get amazon giftcards as clean as posible!,Fraud,,
9815,Localbitcoins scam,Fraud,,
8433,Xbox One method burned? Not no more! 99% SUCCESS (VOUCHED),Fraud,,
33118,SE - Victoria's Secret GIFT CARD FREE $50 or $100,Fraud,,
2968,Method on how to get Playstation 4 replacement console WORLDWIDE,Fraud,,
41851,SE a Free $100 Logitech Webcam [TESTED 1-06-15],Fraud,,
17133,[VOUCHED]âFree iPhone/iPadâ No investment requiredâ[PRICE DROP],Fraud,,
21188,I'm So Sick of Evolution's Fraud Related Guides & Tutorials,Fraud,,
6843,money from foodstamps,Fraud,,
10494,Amazon Refund Scam+Methods for free Amazon gift cards!! Only $20!,Fraud,,
5005,2 amazon refund service methods 100% guaranteed,Fraud,,
34013,[REVIEWED] TG's Refunder Guide - V1.0 **Repeat Refunding**,Fraud,,
20374,Amazon refund,Fraud,,
7511,make money from foodstamps:) on sale,Fraud,,
11056,[Vouched] Oziyns Ultimate Amazon Refund Guide! [Only $65!!!],Fraud,,
4090,[VOUCHED][REVIEWED] CrimeDB v1.1 - Ultimate Fraud (carder) Start-up Kit,Fraud,,
9736,Security Setup when using amazon refund method,Fraud,,
35988,Vobinator's GODLY Guide to Clothing Sites Refunds!,Fraud,,
3581,1ring mastergenius scam easy setup up for sale!first copy has discount,Fraud,,
14931,[VOUCHED] How To Get Free Stuff on eBay+More,Fraud,,
25500,How To Get Everything From Ebay For Free!!,Fraud,,
14601,[VOUCHED]How to get Amazon refunds/Double Dips! Only $15!,Fraud,,
2364,RAR pass cracking,Hacking – General,,
3727,Compiled hacking tools (Windows),Hacking – General,,
854,snapbbs hacked again by snitch,Hacking – General,,
92,inputs.io hacked,Hacking – General,,
50,Traffickers using hackers to import drugs into major Europe ports,Hacking – General,,
54768,Password cracking,Hacking – General,,
56418,deepnet hack forums?,Hacking – General,,
46994,account hacked ??,Hacking – General,,
11408,easy method to send a keylogger to anyone on facebook chat,Hacking – Malware Supply Chain,,
33766,Method to get UNLIMITED CLASH OF CLANS GEMS,Hacking – Mobile,,
47308,**VOUCHED**UK Mobile Phone Contracts Guide (iPhone-Samsung-HTC etc),Hacking – Phreaking,,
48079,storing sensitive data on sim cards,Hacking – Phreaking,,
36034,{Revered Guide Maker} Vobinator's Master Guide to Cracking Sites,Hacking – Website,,
15551,hacking into a website of a large and sophisticated organisation,Hacking – Website,,
13582,[VOUCHED]How to exploit Fiverr and make $400 a day,Hacking – Website,,
11631,UK Gaming Site Exploit - Make Â£60 - Â£120 An Hour (VOUCHED),Hacking – Website,,
14777,Exploit 2 Onlline Casinos From Anywhere and Make $100 Per Hour+,Hacking – Website,,
11792,Make $100 a day on Twitter with very easy & simple method! (GUIDE),Hacking – Website,,
15420,How To Never Get Suspended/Limited From PayPal or eBay,Hacking – Website,,
12503,Facebook adverts exploit,Hacking – Website,,
3276,Havij Pro 1.17,Hacking – Website,,
36053,MASSIVE $500/Day Adsense Exploit,Hacking – Website,,
4164,simply wifi hack for MAC ??,Hacking – Wireless Networks,,
18365,Using public wi-fi safety..,Hacking – Wireless Networks,,
54,"Wi-Fi connection, security questions",Hacking – Wireless Networks,,
420,Public Wifi?,Hacking – Wireless Networks,,
55696,Public hotspots? Is It Safe or Not? Hows my current setup?,Hacking – Wireless Networks,,
246,Cracking wif passwords?,Hacking – Wireless Networks,,
40430,could someone please tell me how to hack a WPA2-PSK wifi password,Hacking – Wireless Networks,,
13931,W-Lan Hacking programm Buying??????,Hacking – Wireless Networks,,
9414,for any using public type wifi,Hacking – Wireless Networks,,
52033,wifi hacker software?,Hacking – Wireless Networks,,
10095,:D Lockpicking guide(noob friendly) only ***8$***,Lockpicking,,
676,WARNING! Windows 7 - Datamining/Spyware embedded in OS!,Malware Authorship,,
53930,[GUIDE] Advanced How to Open Credit Lines + Square Cashout Bundle,Modifying Credit,,
861,Alternate URL now available for market abraxasderinuupa.onion,Other,,
1176,Help,Other,,
913,Deposting ,Other,,
977,fixed,Other,,
729,PIN questions,Other,,
1184,PIN Change,Other,,
799,Trouble deleting old PM,Other,,
769,info market,Other,,
804,How to cancel an order??,Other,,
759,Oompa lumpa,Other,,
708,Can't find my orders...,Other,,
1197,help admin,Other,,
1092,finalize early,Other,,
820,Help,Other,,
1040,<<<<<MR_Disambiguation is here to help and educate the Masses new or old >>>>>,Other,,
448,Abraxas is currently down for maintenance.,Other,,
711,i cant't edit my review topic.....it has a strange title!,Other,,
837,"I have forgotten my pin and i really do not wish to wait 2 weeks,",Other,,
856,Forgotten Password,Other,,
965,Do you need help? I can do it for you,Other,,
1117,about two orders at the same time,Other,,
953,Order cleared?,Other,,
687,RevenantChild,Other,,
1150,Contacting admin ,Other,,
785,Where to Post ,Other,,
1180,Complete Noob here...,Other,,
763,New User Questions,Other,,
1130,FE Question,Other,,
730,pm's,Other,,
630,Another newbie needs help!,Other,,
628,Newbie needs help,Other,,
775,Fe listing versus escrow listing  (Seller is  Listonishere ),Other,,
1039,<<<<<MR_Disambiguation is here to help and educate the Masses new or old >>>>>,Other,,
943, I invite you on a new market ,Other,,
941, I invite you on a new market ,Other,,
261,Springville Utah man busted for ordering drugs from Amsterdam,Other,,
283,*Important* security tip for people looking to become vendors/sellers,Other,,
42,General Safety Advice,Other,,
1619,If you need an invite code to register then look no further,Other,,
2647,"Randomizing fees (eg ""1.4-1.6%"" rather than 1.5%) both IN + OUT?",Other,,
1735,probably a stupid question,Other,,
2674,USBkill (aka USB killswitch).,Other,,
2290,DELETE ACCOUNT???,Other,,
2026,Yasuo's infamous $150 Paypal and Amazon guide for FREE!,Other,,
1656,lost my pin,Other,,
20,Market Development: Best Practices for Stability and Security,Other,,
2082,What Sort Of Security For A Seller,Other,,
2604,Delete complete/declined orders?,Other,,
725,How to make Track 1 with Track 2,Other,,
2521,Using a tablet to order..?,Other,,
2318,User agent,Other,,
1660,Tip for starting your own markets,Other,,
964,stay save with payment,Other,,
1328,Bank Statement Security Risk,Other,,
13,Introduction to the Security Forum,Other,,
2551,ID creation,Other,,
2535,Every guide for only 1â¬!!!,Other,,
2735,What happened to the Hub .onion forum?,Other,,
2560,RE-UP security,Other,,
8998,"If YOU were the feds, what would your next move be?",Other,,
17849,Safety,Other,,
6066,Hard drive safety,Other,,
548,people beware I got this in my tormail,Other,,
16783,"Help needed: Contacted by the police, what to do?",Other,,
16398,Mail,Other,,
11773,Saul Goodman (US),Other,,
16489,How is it safe ?,Other,,
8906,The Daily Mash,Other,,
13911,has anybody seen this site before?,Other,,
593,Developing assets,Other,,
5020,Whats is 'coffe'?,Other,,
296,Uploading pics safety?,Other,,
9758,Security Recommendations,Other,,
1730,Wrong security token!,Other,,
9721,unable to confirm security token,Other,,
2412,account movements,Other,,
10007,undercover drugs police huddersfield,Other,,
3146,Black list ??,Other,,
11168,Is this a major design flaw?,Other,,
2896,Has Anyone Ever been THREATENED by ME ?,Other,,
3041,seller money problem,Other,,
3395,Safety - question,Other,,
996,Safety patching user-friendly Linux,Other,,
2481,security issue,Other,,
11021,backopy may want to see this,Other,,
148,riseup.net invite,Other,,
122,The American Guide for Traveling,Other,,
339,Addresses on file?,Other,,
331,Jolly Roger's Security Guide,Other,,
526,What does *CLEARNET WARNING* before links mean?,Other,,
878,HOW TO NAVIGATE THE NEW CR AS A BUYER: Setting up an account,Other,,
914,HOW TO NAVIGATE THE NEW CR AS A BUYER: Listings and vendor's profiles,Other,,
16,defcon dun goofed,Other,,
16,No DOGE Balance After An Hour,Other,,
50,Cannot Read Messages,Other,,
38,Doge Still not depositing...,Other,,
15,Upload image,Other,,
10,How to get beta accounts?,Other,,
17,Hypothetical Question,Other,,
55,Buyer/Vendor,Other,,
24,Marketplace redirect,Other,,
8,Forum Rules,Other,,
9,Marketplace rules,Other,,
6890,Advertising Rules - UPDATED 09/12,Other,,
38938,From Coffee Beans To Crisp Greens - Transfer Service is Live!,Other,,
38938,From Coffee Beans To Crisp Greens - PS4 WINNER ANNOUNCED!,Other,,
54325,[PREMIUM] Make $5K/month with PayPal! *FREE Fullz*,Other,,
35987,********GODLY Amazon Guide [MostReviewedGuide][V2.0 OUT]*******[QDIPS],Other,,
35987,{MostReviewedGuide} GODLY Amazon Guide by Vobinator! Quad dips out!,Other,,
55343,"Make $1,000 in 7 days Tutoring OR PAY NOTHING",Other,,
55920,helix light randomize?,Other,,
56083,Trust,Other,,
55371,.,Other,,
49364,*BEGINNER LEVEL*MLM Course Make 2-6K Per week*One on One teaching*,Other,,
56160,Easiest Item's to Fence on Craigslist (~ $1000),Other,,
56078,Vendors must read this,Other,,
55814,Confused about levels of security,Other,,
186,i was the number one seller on BMR,Other,,
54364,cheap invite codes,Other,,
56344,Newbie question,Other,,
53925,Can LE do this?,Other,,
526,vip72 issues?,Other,,
50490,The best guild you will evere find no the world!!! take over!!!,Other,,
55598,help me!,Other,,
51499,*Dexters Drop Guide* NEW method ANONYMOUS,Other,,
55904,helix light randomize,Other,,
341,ICQ WTF,Other,,
53100,sorry all Guide are all sold out sorry no more will be sold 50/50.,Other,,
56261,What do you use to take notes?,Other,,
25438,30% Legendary Discount,Other,,
800,please give me your opinion about this bad feedback,Other,,
470,Starter questions on this set-up.,Other,,
54901,Electrum Deleting Adresses,Other,,
55235,Good enough?,Other,,
50348,Is good this setup?,Other,,
25477,no longer selling,Other,,
15459,Possible Serious situation,Other,,
12076,OFFER NO LONGER AVAILABLE a,Other,,
2736,WoW! A Marketplace that forces you to use the same nym on the Forums?,Other,,
48198,"Trying too Keep it simple , SECURITY",Other,,
6281,Jabber.at,Other,,
14840,---------,Other,,
6967,----------------,Other,,
7864,Which one?,Other,,
29457,StrattonOakmont's Ultimate Business Package [VOUCHED],Other,,
32192,-------------------------,Other,,
51451,Whats so bad about clearnet links?,Other,,
12428,----------------,Other,,
8676,PP Question,Other,,
10240,POST LE TROLLS HERE(must have facts),Other,,
49560,Is this ok?,Other,,
43583,Can someone check the reddit marketplace link,Other,,
14078,-- How to make your own UK Fullz! --,Other,,
45495,â â â Greatest Advice EVER TOLD â â â,Other,,
30843,--------------------------------------------------------,Other,,
2130,CLOSED,Other,,
3020,DEAD!,Other,,
28074,how to b a real niqqa [free guide],Other,,
3111,Pierdole Store,Other,,
33489,Sold out,Other,,
19399,---------,Other,,
29528,-,Other,,
23636,NOOB guide.Le creme de la creme,Other,,
34327,Sold out,Other,,
3711,Am I secure now?,Other,,
9316,Free Free Free 100% Free!!!!!!!,Other,,
4094,-,Other,,
4094,Evolution admins might want to look at this.,Other,,
7495,Confused,Other,,
3516,Method IS DEAD!,Other,,
46222,Help... need to clean my phone ASAP,Other,,
4603,How do people get caught?,Other,,
45294,Please advice Stay safe,Other,,
18834,delete,Other,,
47059,.,Other,,
7121,----------------,Other,,
5230,----------,Other,,
12542,Delete,Other,,
25460,1 Page Madness,Other,,
13018,"Make money on PC guide sold out, next money making guide inc guys:)",Other,,
2440,Profesorhouse Review,Other,,
11344,*snip*,Other,,
26743,delete,Other,,
37808,-------------------------------------------,Other,,
14177,All sold thanks guys! Next guide to be released this week!,Other,,
41688,Newbies - you are going to get busted unless you learn FIRST,Other,,
5639,SniperFox's Introduction to Social Engineering,Other,,
9682,iSellGuides -- New vendor on Evolution,Other,,
2961,Trash,Other,,
14332,What kind of security setup should I use?,Other,,
48391,How to deposit â¬20000+ to EVO?,Other,,
3487,------,Other,,
15610,Legal legit method to earn cash right at your PC - Only $20!!,Other,,
15887,---------,Other,,
10078,Amazon Investigation,Other,,
11326,This person willies dickies  is claiming to be reputable members onicq,Other,,
51013,Am I safe?,Other,,
50299,"""Error! Could not login to this account""",Other,,
2492,Sale! Sale! Sale!,Other,,
46412,"Everyone should read this, to see how dumb DPR really was.",Other,,
53517,Delete,Other,,
10829,$$first one to guess what number im thinking!! ***WINNER PICKED***,Other,,
29,EASY 4096 PGP (Step by Step Guide),PGP/GPG,,
813,PGP for Mac Tutorial :D ,PGP/GPG,,
1108,PGP Questions,PGP/GPG,,
780,PGP,PGP/GPG,,
674,Getting error on decrypting a pgp,PGP/GPG,,
1003,Mailing PGP,PGP/GPG,,
23,P.G.P ugh,PGP/GPG,,
67,(Highly Recomended) Do not use AutoPGP,PGP/GPG,,
1435,PGP In Plain English: A Simple Man's Guide To Using PGP/GPG Like A Pro,PGP/GPG,,
16,GPG Signing: The Double Edge Sword,PGP/GPG,,
897,AutoPGP enabled/disabled,PGP/GPG,,
2645,Vendor issues retrieving PGP key,PGP/GPG,,
15077,Lost private key,PGP/GPG,,
11843,PGP KEY and how to encrypt!,PGP/GPG,,
14261,PGP for messaging,PGP/GPG,,
9,How to get PGP?,PGP/GPG,,
16161,PGP Key keeps spacing.....help,PGP/GPG,,
18194,PGP Tutorial For Newbs (Gpg4Win),PGP/GPG,,
13600,Complete Beginner in Learning pgp and Need Help,PGP/GPG,,
15634,pgp question,PGP/GPG,,
15064,pgp test,PGP/GPG,,
15814,Vendors - Pimp your PGP key,PGP/GPG,,
17046,Not encrypted!?!?!?!,PGP/GPG,,
14750,BMR encryption,PGP/GPG,,
7192,"NSA's 512-qubit 'Skynet' quantum computer, how safe is encryption?",PGP/GPG,,
14445,How do you encrypt a usb stick?,PGP/GPG,,
1066,"<3.pm - heart.pm webbased, end2end encrypted messaging tool",PGP/GPG,,
12271,pls help me  with public key.. i want to prove its myself !!,PGP/GPG,,
9174,Auto PGP encryption,PGP/GPG,,
11893,Can sombody help me learn to do PGP with Tails ?,PGP/GPG,,
7763,help!! I need private keys from pgp4win,PGP/GPG,,
11882,Tails Vs TrueCrypt pls help me : (,PGP/GPG,,
2172,PGP for windows guide,PGP/GPG,,
13136,Integrated PGP server side or client?,PGP/GPG,,
10428,TrueCrypt Compromisable by Governments?,PGP/GPG,,
11382,PGP Practice,PGP/GPG,,
11312,GPG / PGP translat,PGP/GPG,,
3985,PGP Problems,PGP/GPG,,
73,Avoiding SHA-1 / Linux / GPG,PGP/GPG,,
69,trouble decrypting PGP from bungee admins,PGP/GPG,,
30,Repost from Back Flag user Apotheosis on PGP keys,PGP/GPG,,
275,French GPG Tutorial,PGP/GPG,,
17,Your PGP/GPG Public Key has changed.,PGP/GPG,,
144,Encrypting a USB drive,PGP/GPG,,
130,GPG Linux,PGP/GPG,,
15,GPG/PGP Windows/Linux,PGP/GPG,,
276,French TrueCrypt Tutorial,PGP/GPG,,
538,Can a PGP passphrase stop working?,PGP/GPG,,
548,PGP help needed! ,PGP/GPG,,
598,Issues using the APG version of PGP,PGP/GPG,,
596,Need PGP help please,PGP/GPG,,
30,Expired PGP Key (account lock out)[FIXED],PGP/GPG,,
30.15,Expired PGP Key (account lock out)[FIXED],PGP/GPG,,
6531,Word of Warning -- All versions of PGP are NOT created equal,PGP/GPG,,
55365,BestCrypt Volume Encryption,PGP/GPG,,
56033,TrueCrypt has been compromised,PGP/GPG,,
56520,Recovery of PGP Passphrase?,PGP/GPG,,
55351,LE possibly trying to match me to my past vendor account with PGP,PGP/GPG,,
56356,PGP on a iphone,PGP/GPG,,
55396,pgp issue,PGP/GPG,,
18791,Place your PGP here and link to it in your sig!,PGP/GPG,,
19614,Must I share my PGP key with other if I wanna send him an encrypted?,PGP/GPG,,
2268,pgp error?,PGP/GPG,,
45466,Problem setting up Pgp on evo profile page,PGP/GPG,,
50237,How do I encyrpt/decrypt msgs on Tails?,PGP/GPG,,
11521,TrueCrypt development has ended 05/28/14,PGP/GPG,,
53727,How to import my pgp key?,PGP/GPG,,
15587,anonymity - privnote - encryption,PGP/GPG,,
51855,I can't decrypt vendor's message,PGP/GPG,,
7054,Fed email adresses and passwords... ,Resources – Contact Lists,,
16767,Legit Passport seller from uk ??,Resources – Identity Documents,,
3117,"USA new ""Enhanced Driver's License"" = RFID Tracking/Mark of the Beast",Resources – Identity Documents,,
3955,how can i find out someone's SSN number?,Resources – Identity Documents,,
49504,â â Guide on obtaining ID with person holding it â â,Resources – Identity Documents,,
7621,Get anyones SSN and DOB,Resources – Identity Documents,,
3014,Drivers License Lookup,Resources – Identity Documents,,
28043,Fake ID Guide+50 U.S Temps+US Passport Temp+SSN Temp+Barcode software,Resources – Identity Documents,,
24256,[VOUCHED!] ORIGINAL Austrian ID - Guide ( incl. Citizenship copy),Resources – Identity Documents,,
982,Shipping Schedule,Transportation/Stealth,,
774,Shipping question,Transportation/Stealth,,
422,please advice me for method of send the package,Transportation/Stealth,,
1903,How to beat a controlled delivery!! MUST READ!!!,Transportation/Stealth,,
2313,amazon gift cards - how do you mail the actual goods to yourself?,Transportation/Stealth,,
1423,High risk countries to import from?,Transportation/Stealth,,
17589,Delivery Options,Transportation/Stealth,,
16520,picking up package at post office,Transportation/Stealth,,
374,Using Home Address,Transportation/Stealth,,
3594,"Help, received an empty envelope!",Transportation/Stealth,,
137,Receiving Packages Safely ,Transportation/Stealth,,
418,The use of a PMB(Private Mailbox) in a friends name? Tips etc?,Transportation/Stealth,,
45,The Art of Smuggling (OVDB Production),Transportation/Stealth,,
13,Deleting identifying information after product has been shipped.,Transportation/Stealth,,
378,Canadian Postage Unmarked stamps...,Transportation/Stealth,,
437,Profiling postal packages VENDORS MUST READ,Transportation/Stealth,,
732,Stealth Phone,Transportation/Stealth,,
54903,Mail Forwarding services,Transportation/Stealth,,
56311,Getting CF delivered safely,Transportation/Stealth,,
52417,Need help printing postage online,Transportation/Stealth,,
42070,Police postal,Transportation/Stealth,,
56165,Pot Candy in the Mail,Transportation/Stealth,,
52776,Shipping/Customs,Transportation/Stealth,,
54999,What will Canada Customs (and others) do with a seized drug package?,Transportation/Stealth,,
55096,Best Way To Recieve A Package In Australia?,Transportation/Stealth,,
53834,Orders not arriving. Need advice!,Transportation/Stealth,,
55208,Shipping drugs to a drop?,Transportation/Stealth,,
55523,"packages seized, should i be concerned",Transportation/Stealth,,
56237,Drop for amazon neccesary?,Transportation/Stealth,,
52483,Australian Mail Drop Guide,Transportation/Stealth,,
1047,Container45158 Anonymous U.S.A Drop Method/Exploit,Transportation/Stealth,,
56530,Receiving a package safely ???,Transportation/Stealth,,
56180,Australian Mail Drop Guide UPDATED 1.2,Transportation/Stealth,,
80,GET YOUR OWN ITEM/MAIL DROP TUTORIAL:USA UK EU INTERNATIONAL,Transportation/Stealth,,
52680,Did my package get seized?,Transportation/Stealth,,
51569,Best place to keep your drug stash,Transportation/Stealth,,
13325,{VOUCHED}****New Drop Guide**** (Fresh Idea),Transportation/Stealth,,
3583,question about drop,Transportation/Stealth,,
48169,USPS wants me to sign to pick up a package,Transportation/Stealth,,
6327,[GUIDE] - How to get a UK drop for Letters & Parcels,Transportation/Stealth,,
42460,"Unlimited Drops, and of course the Best Drops",Transportation/Stealth,,
5419,Drop Setup: Questions and Ideas,Transportation/Stealth,,
11169,How to ship anonymously recorded items UK,Transportation/Stealth,,
43798,Is it safe to order to your home address?,Transportation/Stealth,,
53623,"caught by the cops and now being watched, advise???",Transportation/Stealth,,
42438,AUS International Orders,Transportation/Stealth,,
13496,Anti-interception phones .... really ?,Transportation/Stealth,,
52548,Dangerous lot number in Moisture barrier bags?,Transportation/Stealth,,
52928,How do you make your parcels stealthier? (weed),Transportation/Stealth,,
50437,Seizure letter then helicopters. Being paranoid?,Transportation/Stealth,,
44019,â â âNEW way to have an anonymous drop point 2015â â â,Transportation/Stealth,,
7138,How do I send mail with a fake return address?,Transportation/Stealth,,
49813,"Received empty box from ""reputable"" vendor, refusing to refund/reship",Transportation/Stealth,,
52959,UK receiving parcels,Transportation/Stealth,,
31368,"Customs holding package , freak out or not ?",Transportation/Stealth,,
22510,Best DROP IDEA IN YEARS Works anywhere. Unlimited drops. . free. SAFE,Transportation/Stealth,,
51405,US Mail Document Drop?,Transportation/Stealth,,
52161,Australian Drops Guide,Transportation/Stealth,,
14456,New Aussie gun listing AFP?,Weaponry & Explosives,,
1303,"Want to buy a gun? Ok first of all, give me your money and ill brb ;)",Weaponry & Explosives,,
