thread_id,subject
982,Shipping Schedule
1103,Transferring Bitcoins through tor
1138,Grade AAAA buds from top trusted vendor
861,Alternate URL now available for market abraxasderinuupa.onion
802,can't figure out how to pay for purchase with my bitcoins
1176,Help
913,Deposting 
977,fixed
383,Update: Mixers & Cleaners
1082,Tor Configuration settings.Tor is not enough Now Configure 
729,PIN questions
1063,how to buy bitcoin?
1184,PIN Change
874,Scam or What?
29,EASY 4096 PGP (Step by Step Guide)
799,Trouble deleting old PM
1154,abraxas btc wallet
769,info market
804,How to cancel an order??
759,Oompa lumpa
784,Getting Bitcoin?
708,Can't find my orders...
1091,can you make a single Abraxas market purchase with combination dash / btc?
707,address mail for the darknet
1197,help admin
1092,finalize early
820,Help
954,Is it Ok to use initial for last name on mailing address?
647,depositing bitcoins help
879,card + drop in the US
1040,<<<<<MR_Disambiguation is here to help and educate the Masses new or old >>>>>
1196,Clear address for buying?
813,PGP for Mac Tutorial :D 
448,Abraxas is currently down for maintenance.
711,i cant't edit my review topic.....it has a strange title!
774,Shipping question
706,Depositing Bitcoins
719,Reputable and Trusted Canadian vendor of high grade medical marijuana 
837,"I have forgotten my pin and i really do not wish to wait 2 weeks,"
856,Forgotten Password
965,Do you need help? I can do it for you
1117,about two orders at the same time
953,Order cleared?
687,RevenantChild
1150,Contacting admin 
1179,I donÃ¬'t see my bitcoins in my wallet
1108,PGP Questions
961,"Paypal transfers, refunds, PP rings...anyone here?"
785,Where to Post 
1180,Complete Noob here...
780,PGP
763,New User Questions
674,Getting error on decrypting a pgp
1130,FE Question
1175,Cant withdraw BTC
1102, $40/eigth Cubensis Mushrooms [USA to USA] 
1003,Mailing PGP
730,pm's
630,Another newbie needs help!
628,Newbie needs help
1181,Deposit to Abraxas from Bitcoin ATM or LibertyX?
639,Bitcoin Tumbler
796,*Stickey* IceManDan's Bitcoin cleaning process! (clean BTC to market)
775,Fe listing versus escrow listing  (Seller is  Listonishere )
1183,Deposit via Localbitcoin?
1039,<<<<<MR_Disambiguation is here to help and educate the Masses new or old >>>>>
943, I invite you on a new market 
941, I invite you on a new market 
145,Laundering services
395,Bitcoin Mixers!
261,Springville Utah man busted for ordering drugs from Amsterdam
283,*Important* security tip for people looking to become vendors/sellers
23,P.G.P ugh
220,Did anyone use this mixer?
52,Secure .onion Email Provider
42,General Safety Advice
422,please advice me for method of send the package
1752,help convert CC info to BTC
1619,If you need an invite code to register then look no further
1737,Alternative email provider thats secure other than riseup?
2647,"Randomizing fees (eg ""1.4-1.6%"" rather than 1.5%) both IN + OUT?"
728,SOCKS-change your IP in Firefox
724,Chaining a Socks5 With Tor
1735,probably a stupid question
2674,USBkill (aka USB killswitch).
1142,Coins sent to DNM without washing
2008,Ragnar Benson books
2290,DELETE ACCOUNT???
67,(Highly Recomended) Do not use AutoPGP
1903,How to beat a controlled delivery!! MUST READ!!!
1628,Cocaine acetone washes (how to guide)
2364,RAR pass cracking
2026,Yasuo's infamous $150 Paypal and Amazon guide for FREE!
2313,amazon gift cards - how do you mail the actual goods to yourself?
1435,PGP In Plain English: A Simple Man's Guide To Using PGP/GPG Like A Pro
1656,lost my pin
278,Buying BTCs thru localbitcoins-how to get them to here safely!!!
66,Understanding how Bitcoin works
20,Market Development: Best Practices for Stability and Security
1816,Question: How Do You Stay Fully Anonymous Online?
16,GPG Signing: The Double Edge Sword
2251,SOCKS 5 PROXY TO VPN
897,AutoPGP enabled/disabled
898,Anoncoin?
1423,High risk countries to import from?
2082,What Sort Of Security For A Seller
946,How to remove Levamisole and/or Ephedrine from your cocaine
2604,Delete complete/declined orders?
725,How to make Track 1 with Track 2
2521,Using a tablet to order..?
332,OPSEC Lessons from Xanax King & Reddit (clearnet) Link
2318,User agent
1303,How do I spend my BTC here
2645,Vendor issues retrieving PGP key
1799,Bitcoin Shuffle - It is your personal bitcoin mixer
1660,Tip for starting your own markets
2522,Glassware: where to find it.
726,Hacking for Profit: Credit Card Fraud A Beginners Guide
2734,Why is browsing clearnet with Tor a security risk?
964,stay save with payment
1215,Amazon Carder
1328,Bank Statement Security Risk
1211,Bitcoin Paranoid Secure Storage Guide
13,Introduction to the Security Forum
2551,ID creation
730,Instore Carding Tutorial
2725,phishing
2535,Every guide for only 1â¬!!!
2735,What happened to the Hub .onion forum?
22,Jolly Roger's Security Guide for Beginners
2560,RE-UP security
729,Merchant Codes for instore carding
2628,WAYS TO CASH OUT BITCOINS ANONYMOUSLY
2730,Some BTC related safety questions for the experts.
1905,Bitcoin Tumbler
435,List Of Working BTC Mixers
8998,"If YOU were the feds, what would your next move be?"
17385,My new encryption tool
47,Spot a scammer
18416,What role does Vitamin C play when used with an ecstasy trip?
17849,Safety
17,Do NOT use your facebook/MSN/LinkedIn/whatever email with this site!
3727,Compiled hacking tools (Windows)
2515,Your Data Safty Tool  -- True Crypt -- Usage Tutorial to stay S.A.F.E
17589,Delivery Options
18124,cashing out bitcoins?
17399,TBB 3.5 - no Vidalia!
10746,Verify your old SR vendor
9857,Ricin questions
8683,Help signing pgp message
15581,Noob question: how to disable java in tor browser?
10457,Security Tip: Creating a dead man switch
10897,Managing Profits Made From Deep Web Activities
6145,if you need anon email TUT *added how to resolve sending issues
15077,Lost private key
14302,buying bitcoins in Australia
6066,Hard drive safety
14921,MAC Addresses - Can someone enlighten me?
18369,Are software wallets traceable?
11843,PGP KEY and how to encrypt!
16814,new user?
14871,Question about putting pictures in ads
15470,Safe to withdraw coins straight to clearweb wallet?
7205,The Art of Carding
13623,Some security tips
14331,CC's
17560,"locksmithing, burglary, theft for beginners"
14243,1 Question = Many people problem solved
307,Major BTC exchanges to BMR wallet advisable?
12122,Offshore Banking for [Real] Dummies
13658,Hacking facebook account
318,Rules to stay safe
14261,PGP for messaging
18293,New Vendor wants to know how to clean dirty money
14089,How to update Tor?
14343,question about tails
16571,How can I print a fake check ?
4363,Authorized User Trade Lines for Credit Cards
548,people beware I got this in my tormail
4153,POS terminal modification
12087,My package is @ the USJFCOM in VA IS THIS NORMAL?!
16783,"Help needed: Contacted by the police, what to do?"
14376,USPS Info
13856,Anonymous Video Hosting
9,How to get PGP?
16161,PGP Key keeps spacing.....help
8957,[help] How do you blot sheets?
7228,Bitcoin Mining Tutorial (Newb // Advanced)
6935,Got access to an online back account of a random guy
17491,"Exif data, anon video/pics"
14761,BitcoinFog
16508,Removing Videos
17895,jabber safety
11562,new 100 vs old 100
15096,When your torbrowser starts acting funny with www preceding onion url
16398,Mail
17317,3G/4G USB stick for utilising tor outside of your home network.
4758,Chemistry Synthesis (from a chemist)
11175,How to make coupons/vouchers
17625,Edward Snowden's RSA conspiracy?
16488,How long does safe mail keep our messages?
15007,Disable Enable JavaScript in Iceweasel
18194,PGP Tutorial For Newbs (Gpg4Win)
17658,Tor or Clearnet
532,[TUT] Get AOL IP USA anytime u want
17119,earn yourself bitcoins by ptc
17063,The Essential Guide To Understanding Bitcoin Safety (WIP)
16912,Bootable USB stick
15863,Scopolamine
18494,New Tails update has no Javascript disable option?
17924,Talk by Jacob Applebaum
11773,Saul Goodman (US)
15759,Multibit Lost password
4933,Reading PGP on raspberry Pi
14659,Site problems?
13582,Can this be traced in anyway? [Photo Security]
13796,Security of using BMR PM encryption vs. your own.
16815,Warning: There is a MITM (Man In The Middle) in your modem!!!
16472,Video editor/Removor
4164,simply wifi hack for MAC ??
13600,Complete Beginner in Learning pgp and Need Help
12339,police scanners and physical crime
13625,"""clean"" a stolen iPhone 5"
17637,Auto Login
676%2F,WARNING! Windows 7 - Datamining/Spyware embedded in OS!
14081,Massive use of TOR...
16929,Tor question
15827,Tor2Web Header Info
15472,e mail and tails
16196,Methods to stop Police helicopters picking up infared light from grows
18365,Using public wi-fi safety..
15634,pgp question
16489,How is it safe ?
15064,pgp test
17861,Claws Mail
8433,Good keylogger?
17211,Tails+VPN+Tor+Data Encryption?
15061,LE posing as a vendor.
15475,ice weasel notification
16998,Pay escrow straight from LocalBitcoins. Safe?
8906,The Daily Mash
1929,Always reply to disputes
719,Scrubbing MetaData from images Ubuntu
16520,picking up package at post office
301,Anonymous email options
15814,Vendors - Pimp your PGP key
18402,PM encrypted
13993,"Tails: Clone & Install, Create Persistence not working"
16025,HCL bubbling problems ($150 reward for help)
14256,Best Bitcoin Storage
17863,Bitmessage
14110,Access
13601,Extra anonymity when using Tails
13911,has anybody seen this site before?
17046,Not encrypted!?!?!?!
14750,BMR encryption
13098,Socks
14456,New Aussie gun listing AFP?
10695,Inertia
11147,Any safe email services?
4031,ALERT!!!!!!!!!!!!!!!!!!!!!!!!!!!!!! Dihydrogen Monoxide OUT BREAK
16180,Torbox?
7192,"NSA's 512-qubit 'Skynet' quantum computer, how safe is encryption?"
4500,Tin hat Linux. Any users?
16767,Legit Passport seller from uk ??
15458,removing ink from cheques
8548,Onion Links? Safe-mail?
593,Developing assets
5020,Whats is 'coffe'?
296,Uploading pics safety?
14445,How do you encrypt a usb stick?
11952,Laundering Illicit Funds
5942,"Looking for VPN from Northkorea, bolivia, Venezuela"
18040,Some Safety Tips For New Members!
13484,TOR Browser looking a bit different when you open?
10240,Stash Spots
9825,My account got phised! change your PWs!
5906,Friend's friend got busted for ordering 25g of weed from SR
3067,Is this guy legit?
9719,email-service after TORMAIL
13081,Big Data Analytics and Revealing Identities - BlackBox Market Advice
11705,A Few Safety Questions
9994,Your account is temporarily limited!
328,READ and never be cracked/keylogged
67,Create the safer VM
1066,"<3.pm - heart.pm webbased, end2end encrypted messaging tool"
793,Scammer alert: C10Wn
1952,change user name in middle of transaction?
7054,Fed email adresses and passwords... ;)
1954,How get bitcoins on a anonym debit card legaly?
9957,"Drop Address, how do I find one?"
12612,Can Not log in after Bitcoin Deposit.
18012,Bitcoin tumbler?
4469,Full disk encryption in Ubuntu?
2726,"BleachBit - A tool to erase your tracks, cache & trace"
10915,FBI is controlling all .onion sites
1020,Cheapest Imaging Camera
1155,Postal danger areas for smuggling
2934,I have a TEK9 for sale. questions
12448,TAILS - Iceweasel
13320,VPN - Socks5
10541,I need to get into contact with sailorsam1980 urgent!!!!!
4301,hide lsd trips at the airport
12470,Transfering Bitcoin
12271,pls help me  with public key.. i want to prove its myself !!
9174,Auto PGP encryption
9559,About the VPS issue (security implications)
11802,Clearclick Warning?
11714,Tails + public hotspot + socks5 proxy
2891,What can my Internet provider see when I use TOR?
9758,Security Recommendations
11341,Long-Term online wallet storage for Tor?
8425,Good / Trustworthy encryption software
11893,Can sombody help me learn to do PGP with Tails ?
11988,Traces of yourself on Images?
7763,help!! I need private keys from pgp4win
1363,How can I block my VPN from sending out IP Logs?
2428,New TOR Service - Alternative to PGP - Encrypted Anonymous Messaging
2432,Buying Bitcoins with debit card or paypal account
10809,3 questions
9585,BTC wallet
11062,Blockchain.info banned IP
12135,Safe delivery address
4163,Does someone is using BITINSTANT.COM  ??? I need help
11771,Tor check not working?
2823,is *FAKE BACKOPY EMAIL - Backopy has no tormail address * real?
10231,What VPN service do you use/reccomend?
11572,Need onion image uploader
11882,Tails Vs TrueCrypt pls help me : (
9292,Sheep Marketplace does NOT tumble bitcoin
11910,What email to use for Blockchain and Localbitcoins.com
6002,Linux system clipboard safety
13072,How to prepare fentanyl?
12183,accidentally pressed send with my unencrypted information
1085,How to change my Password in Tormail ?
830,ATM video registration
11033,btc client
1730,Wrong security token!
9721,unable to confirm security token
2412,account movements
3593,Taking prescription drugs into US
1934,Celinimo  Scammer
2172,PGP for windows guide
9635,bitcoins in mtgox
10007,undercover drugs police huddersfield
1303,"Want to buy a gun? Ok first of all, give me your money and ill brb ;)"
212,mastercard
9261,Using Tails to connect to BMR
13136,Integrated PGP server side or client?
3146,Black list ??
7115,Is FBI/NSA trying to compromise my webserver's location?
1449,CyberGhost Classic VPN 12 months prepaid 20 GBmonth promotion discount
1413,Laundering Bitcoin Safley and Anonymously
945,Anti virus bootable guide :: Symantec Endpoint Recovery Tool
10040,aussie dmt sellers?
374,Using Home Address
10437,Encrypting the encrypted??
676,WARNING! Windows 7 - Datamining/Spyware embedded in OS!
4318,NEW SCAM ATTEMPT ON MY SELLER ACCOUNT pls read backopy
1763,Blackhat VPN with No Logs
11695,My account got hacked
11168,Is this a major design flaw?
2896,Has Anyone Ever been THREATENED by ME ?
10884,Free VPN service ?
3846,Warning  SCAM ATTEMPT
11832,New Tor-Browser-Package tor-browser-2.3.25-14_en-US Corrupted?
4019,Stealthdraman trying to phish BMR Accounts
10827,Follow The Bitcoins: How We Got Busted Buying Drugs On Silk Road's
3041,seller money problem
10428,TrueCrypt Compromisable by Governments?
3237,is this fishing site or true site for Freedom Hosting?
3395,Safety - question
3881,Phishing / Seller account hacked?
11522,BTC trezor (vault)
11382,PGP Practice
9894,is there any point using a VPN with liberty?
10836,Why is tor still overloaded?
3918,account hacked?
12265,electrum hidden service
429,Downloading files with Tor
996,Safety patching user-friendly Linux
2830,halo88 FISHING SCAM!!! WARNING WARNING!!!
11309,localbitcoins.com Security Concern
11312,GPG / PGP translat
1512,Cash out Question
854,snapbbs hacked again by snitch
10705,What to do if in escrow and package is empty = dispute
2709,ESCROW Service for buying stuff out of BMR
11315,Help Tor through Socks
3117,"USA new ""Enhanced Driver's License"" = RFID Tracking/Mark of the Beast"
3985,PGP Problems
12200,How much safer is tails than plain Tor?
11912,Zorro VPN?
3594,"Help, received an empty envelope!"
2481,security issue
1146,Buying bitcoins of ebay
11021,backopy may want to see this
73,Avoiding SHA-1 / Linux / GPG
69,trouble decrypting PGP from bungee admins
47,Anonymous BTC markets
372,Intermediary Bitcoin Wallet
8,Surfing on google chrome while logged in at forum/SR ?
80,Setting up TAILS including a persistent volume
74,Why not switch from Windows to Linux?
91,Best way to securely delete data (Linux)
137,Receiving Packages Safely 
418,The use of a PMB(Private Mailbox) in a friends name? Tips etc?
251,Raspberry Pi & A Slice Of Anonamization.  Hosting With Nginx Or As A Customer! 
30,Repost from Back Flag user Apotheosis on PGP keys
309,Anonymous Payments Methods other than BTC
54,"Wi-Fi connection, security questions"
148,riseup.net invite
24,What we do and what you should do to secure against Bitcoin Blockchain Analysis.
92,inputs.io hacked
122,The American Guide for Traveling
339,Addresses on file?
331,Jolly Roger's Security Guide
90,How does one set up a double VPN
45,The Art of Smuggling (OVDB Production)
275,French GPG Tutorial
159,VPN Security Question
17,Your PGP/GPG Public Key has changed.
50,Traffickers using hackers to import drugs into major Europe ports
60,Increase Tor client security by network isolation
412,Chances of CD on small amounts of MDMA?
13,Deleting identifying information after product has been shipped.
144,Encrypting a USB drive
341,Destruction of Evidence
317,btc use
130,GPG Linux
15,GPG/PGP Windows/Linux
396,Cracking Services
87,From SK Forum i report this thread interesting on PGP / GPG
340,The Use of Drop Houses
276,French TrueCrypt Tutorial
199,Ninja stik
59,NoScript 2.6.8 Default Options allow Jav and other Plug-ins?
430,BitLaundry - For all your Bitcoin washing needs.
279,"HOW TO USE CANNABIS ROAD AS A BUYER 2 (FINDING PRODUCTS, VENDORS, SHOPPING CART)"
3,Jolly Rogers Security thread for beginners
528,Iran Blacklists TOR Network
297,Tails 1.0.1 is out 
463,Accessing tracking info with chrome
383,"I'm so close, I can taste it! ...well, no. I can't REALLY taste it yet..."
538,Can a PGP passphrase stop working?
445,Did anyone use this mixer? 
307,Closing registration?
166,Vendor Communications
527,"WTF?! US GOV""T Increases Funding for TOR + $1.8 Million!"
320,Goto coin mixing service after the death of SharedSend?
325,Can someone help me get started?
532,nice GUI for linux pgp
15,"New Tor browser bundle (TBB) 3.5.3, Tails 0.23 released today"
548,PGP help needed! 
609,BTC 'Conspiracy Theory' - Virtual Currency is NSA or CIA Project
598,Issues using the APG version of PGP
648,NSA & GCHQ Employees Submit Bug Reports to Tor Project
526,What does *CLEARNET WARNING* before links mean?
180,"Is sharedsend nescessary? If so, how many cycles should I use?"
485,I want to help people save Bitcoins and stay anonymous
563,Safe using localbitcoin on clearnet?
275,"HOW TO USE CANNABIS ROAD AS A BUYER 1 (TOUR, MESSAGING, BASIC PGP INFO, WALLET)"
392,TAILS - anyone seen that the website was 'hacked'? (slight defacement) 
368,any examples of them busting darknet weed vendors?
2,Easy TOR & PGP Guide 4096 RSA
378,Canadian Postage Unmarked stamps...
473,Tutorial on how to install Tails onto a USB drive
501,TOR BROWSER UPDATE!
4,Security 101- Installing Tails Live with a Persistant Volume-Full Tutorial
619,Ethereum: Making the Entire World Trustless
6,Money Laundering and You- an Introduction
444,Need help decrypting vendor's message
302,Mix Your Coins! every single time!
372,How to use the Multisignature Payment System
525,Tor Service Compromised By Unknown Attackers 
266,HOW TO REGISTER AND SETUP a Cannabis Road ACCOUNT FOR NEWBIES
596,Need PGP help please
517,** RESEARCH ** BTC WALLETS 
515,** RESEARCH ** EMAIL PROVIDERS
727,*Important* security tip for people looking to become vendors/sellers
800,TorChat
885,Tutorial Contributions
842,*IMPORTANT* password vs passphrase for personal OpSec
878,HOW TO NAVIGATE THE NEW CR AS A BUYER: Setting up an account
914,HOW TO NAVIGATE THE NEW CR AS A BUYER: Listings and vendor's profiles
850,Jabber over Tor
62,"A guide to XMPP, Off-the-Record, and basic chat client configuration with Tor"
87,JoinMarket - Decentralized tumbler/coinjoiner now installable on TailsOS!!
15,Rules
272,Socks5
41,2-FA login
183,Bitcoin Mixer
136,lafloche    hacked    please modo HELP ME
16,defcon dun goofed
437,Profiling postal packages VENDORS MUST READ
732,Stealth Phone
16,No DOGE Balance After An Hour
50,Cannot Read Messages
38,Doge Still not depositing...
30,Expired PGP Key (account lock out)[FIXED]
15,Upload image
10,How to get beta accounts?
17,Hypothetical Question
55,Buyer/Vendor
24,Marketplace redirect
8,Forum Rules
9,Marketplace rules
30.15,Expired PGP Key (account lock out)[FIXED]
6890,Advertising Rules - UPDATED 09/12
38938,From Coffee Beans To Crisp Greens - Transfer Service is Live!
38938,From Coffee Beans To Crisp Greens - PS4 WINNER ANNOUNCED!
206,"[Vouched] Step by step guide to homemade Cocaine.Tutorial,Sources&Help"
54325,[PREMIUM] Make $5K/month with PayPal! *FREE Fullz*
460,How to setup ICQ trough tor?
35987,********GODLY Amazon Guide [MostReviewedGuide][V2.0 OUT]*******[QDIPS]
35987,{MostReviewedGuide} GODLY Amazon Guide by Vobinator! Quad dips out!
54903,Mail Forwarding services
55469,RHH's Personal CCV Cashout Method
55248,â­ APPLE CARDING METHOD // iPHONE/MAC/iPAD // VOUCHED! // $$$ 5/6 LEFT
23569,| The Four Horsemen 2nd ed.| ladron2 | Blackhat Business Intelligence
56311,Getting CF delivered safely
45536,[2015] CARDING TUTORIAL - Best for new players! *Very detailed*
53930,[GUIDE] Advanced How to Open Credit Lines + Square Cashout Bundle
1407,Paypal >> BTC | Fresh US Fullz & Socks >> BTC
50662,:::HQ::: TOP CARDING LESSONS*** LIVE COACHING*** Price will raise soon
41848,EASY PROFIT Get Anything You Want for FREE NO DROP | NO CARDING
