Product Name,New Code
A Practical Guide to Networking Privacy & Security in iOS 9 2015,eBooks – Technical
Security and Privacy in Internet of Things IoTs 2016,eBooks – Technical
"Pick-10-Book List: COMMAND LINE PRO using BASH, SHELL and TERMINAL",eBooks – Technical
Predator Empire Drone Warfare and Full Spectrum Dominance 2016,eBooks – Technical
Complete Guide into learning Photoshop,eBooks – Technical
Pick-10-Book List: PYTHON Programming and Web Application Frameworks,eBooks – Technical
CSS The Definitive Guide 4th edition early release 2017,eBooks – Technical
Machine Learning and Security early release 2017,eBooks – Technical
macOS Sierra For Dummies 2016,eBooks – Technical
Protect Your Digital Life The Online Security Guide 2016,eBooks – Technical
Pick-a-Book List: JAVA Programming and Web Application Frameworks,eBooks – Technical
Multitenancy with Rails 2016,eBooks – Technical
iOS 10 A Take Control Crash Course 2016,eBooks – Technical
Developer Testing Building Quality into Software 2016,eBooks – Technical
CSS Floating 2016,eBooks – Technical
R for Everyone Advanced Analytics and Graphics 2014,eBooks – Technical
React Components 2016,eBooks – Technical
Pick-10-Book List: PHP Programming and Web Application Frameworks,eBooks – Technical
CSS3 for Web Designers 2nd edition 2014,eBooks – Technical
Firewalls Dont Stop Dragons A Step by Step Guide 2nd ed. 2016,eBooks – Technical
Requirements Writing for System Engineering 2016,eBooks – Technical
50 Great Ideas Instagram for Business 2017,eBooks – Technical
Coding for Beginners in easy steps,eBooks – Technical
Raspberry Pi 3 Programming For Beginners 2017,eBooks – Technical
Machine Learning in Java 2016,eBooks – Technical
Pick-a-Book List: APPLE iMAC iPAD iPHONE iPOD MACBOOK WATCH,eBooks – Technical
Machine Learning and Security early release 2017,eBooks – Technical
React.js Book Solid Understanding Hard to Learn JavaScript,eBooks – Technical
MacBook For Dummies 6th edition 2015,eBooks – Technical
Visual Studio Tips and Tricks I 2017,eBooks – Technical
Murach's Android Programming 2nd edition 2015,eBooks – Technical
Pro SQL Server Always On Availability Groups 2016,eBooks – Technical
PHP and MySQL Web Development 5th edition 2016,eBooks – Technical
Official ISC2 Guide to the CISSP-ISSMP CBK 2nd edition 2015,eBooks – Technical
Securing SQL Server DBAs Defending the Database 2016,eBooks – Technical
Modern C plus plus Programming Cookbook 2017,eBooks – Technical
Coding Projects in Python 2017,eBooks – Technical
Murach's JavaScript and jQuery 2012,eBooks – Technical
Troubleshooting with the Windows Sysinternals Tools 2016,eBooks – Technical
Pick-10-Book List: APPLE iMAC iPAD iPHONE iPOD MACBOOK WATCH,eBooks – Technical
Models to Code With No Mysterious Gaps 2017,eBooks – Technical
"Pick-a-Book List: VIRTUALIZATION, VIRTUAL MACHINES and VIRTUAL REALITY",eBooks – Technical
Pick-a-Book List: JOOMLA Content Management System (CMS),eBooks – Technical
Pick-10-Book List: C PROGRAMMING Language,eBooks – Technical
Introduction to Java Programming,eBooks – Technical
Raspberry Pi for Secret Agents 3rd edition 2016,eBooks – Technical
Concepts of Programming Languages 11th edition 2016,eBooks – Technical
Unsupervised Deep Learning in Python 2016,eBooks – Technical
Murach's JavaScript 2nd edition 2015,eBooks – Technical
Machine Learning with Spark 2nd edition 2017,eBooks – Technical
Drones Teach an Arduino to Fly 2016,eBooks – Technical
Murach's Beginning Java with NetBeans 2015,eBooks – Technical
Visual Studio Tips and Tricks II 2017,eBooks – Technical
Pick-10-Book List: CSS CSS3 HTML and HTML5 Web Development,eBooks – Technical
Pick-a-Book List: CERTIFICATION GUIDES: EC-Council IC3 ISACA LPIC Oracle Red Hat VMware,eBooks – Technical
Pick-a-Book List: JAVASCRIPT Programming,eBooks – Technical
Pick-10-Book List: Microsoft OFFICE: Access Excel OneNote Outlook PowerPoint Publisher Word,eBooks – Technical
Raspberry Pi Supercomputing and Scientific Programming 2017,eBooks – Technical
The Gourmet iOS Developers Cookbook 2015,eBooks – Technical
React.js Book Solid Understanding Hard to Learn JavaScript,eBooks – Technical
A Human Readable Guide to Cyber Security 2015,eBooks – Technical
Microservices Flexible Software Architecture 2016,eBooks – Technical
Crash Course for the GMAT 4th edition 2015,eBooks – Technical
Confident Coding Master the Fundamentals 2017,eBooks – Technical
JavaScript Absolute Beginners Guide 2016,eBooks – Technical
Coding Interviews Questions Analysis and Solutions 2012,eBooks – Technical
Pick-a-Book List: C PROGRAMMING Language,eBooks – Technical
Unreal Engine 4 Scripting with C plus plus Cookbook 2016,eBooks – Technical
Pick-a-Book List: RUBY Programming and RAILS + SINATRA Frameworks,eBooks – Technical
Begin to Code with C sharp 2016,eBooks – Technical
Beyond jQuery 2016,eBooks – Technical
CSS The Definitive Guide 4th edition early release 2017,eBooks – Technical
Visual Studio Tips and Tricks I 2017,eBooks – Technical
Murach's Java Servlets and JSP 3rd edition 2014,eBooks – Technical
Pick-a-Book List: C sharp PROGRAMMING Language,eBooks – Technical
Learning 2D Game Development with Unity 2015,eBooks – Technical
Pick-10-Book List: JAVA Programming and Web Application Frameworks,eBooks – Technical
Pick-10-Book List: CompTIA Cert Guides A+ Cloud Essentials Linux+ Mobility+ Network+ Security+ Serve,eBooks – Technical
Xcode 6 Start to Finish iOS and OS X Development 2015,eBooks – Technical
Pick-a-Book List: (ISC)2 Cert Guides (CAP CCFP CISSP CSSLP ISSAP ISSEP ISSMP SSCP),eBooks – Technical
Predictive Analytics The Power to Predict 2nd edition 2016,eBooks – Technical
"Pick-10-Book List: VIRTUALIZATION, VIRTUAL MACHINES and VIRTUAL REALITY",eBooks – Technical
Coding for Beginners in easy steps Basic Programming for All Age,eBooks – Technical
Pick-10-Book List: CERTIFICATION GUIDES: EC-Council IC3 ISACA LPIC Oracle Red Hat VMware,eBooks – Technical
Coder Cole Python An Introduction to Programming 2017,eBooks – Technical
Raspberry Pi By Example 2016,eBooks – Technical
Pick-10-Book List: The INTERNET of THINGS,eBooks – Technical
Capture One Pro 9 2016,eBooks – Technical
Murach's Java Servlets and JSP 3rd edition 2014,eBooks – Technical
Coding Interviews Questions Analysis and Solutions 2012,eBooks – Technical
Pick-10-Book List: RUBY Programming and RAILS + SINATRA Frameworks,eBooks – Technical
Pick-a-Book List: GAME DEVELOPMENT: 2D 3D Cocos2d Minecraft Unity Unreal XNA,eBooks – Technical
100 SEO Tips,eBooks – Technical
A Practical Guide to Networking and Security in iOS 8 2015,eBooks – Technical
"Pick-10-Book List: BIG DATA, Data Analytics and Data Mining",eBooks – Technical
InDesign Type Professional Typography 3rd edition 2014,eBooks – Technical
Metadata 2015,eBooks – Technical
50 Great Ideas Instagram for Business 2017,eBooks – Technical
Pick-10-Book List: JOOMLA Content Management System (CMS),eBooks – Technical
DevOps A Software Architects Perspective 2015,eBooks – Technical
Coding Projects in Python 2017,eBooks – Technical
MacBook For Dummies 6th edition 2015,eBooks – Technical
Murach's jQuery 2nd edition 2015,eBooks – Technical
Pick-10-Book List: C sharp PROGRAMMING Language,eBooks – Technical
100 Recipes for Programming Java 2017,eBooks – Technical
Pick-a-Book List: ADOBE Creative Suite and Creative Cloud,eBooks – Technical
CSS the Missing Manual 4th edition 2015,eBooks – Technical
Pick-a-Book List: AUTODESK 3ds Max AutoCAD InfraWorks Inventor Maya Revit Smoke,eBooks – Technical
Murach's HTML5 and CSS3 3rd edition 2015,eBooks – Technical
Visual Studio Tips and Tricks II 2017,eBooks – Technical
Pick-10-Book List: WORDPRESS Content Management System (CMS),eBooks – Technical
Murach's C# 2015,eBooks – Technical
Introduction to Programming in Python An Interdisciplinary 2015,eBooks – Technical
Take Control of the Mac Command Line with Terminal 2nd ed. 2016,eBooks – Technical
Pick-a-Book List: PYTHON Programming and Web Application Frameworks,eBooks – Technical
Coding iPhone Apps for Kids 2017,eBooks – Technical
Learning Penetration Testing with Python 2015,eBooks – Technical
Swift From Two to Three 2016,eBooks – Technical
Pick-a-Book List: C plus plus PROGRAMMING Language,eBooks – Technical
Adobe Dreamweaver Guide - Full tutorial,eBooks – Technical
Reactive Programming on Android with RxJava 2017,eBooks – Technical
Linux For Beginners,eBooks – Technical
Murach's Android Programming 2nd edition 2015,eBooks – Technical
Murach's MySQL 2012,eBooks – Technical
Ours To Hack and To Own The Rise of Platform Cooperativism 2016,eBooks – Technical
Pick-10-Book List: SEO - SEARCH ENGINE OPTIMIZATION,eBooks – Technical
Reactive Programming with Swift 2016,eBooks – Technical
Computer Security Fundamentals 3rd edition 2016,eBooks – Technical
The Complete Guide to Cybersecurity 2016,eBooks – Technical
Python Penetration Testing for Developers 2016,eBooks – Technical
CFA Program Curriculum 2017 Level III Volumes 1 to 6 2016,eBooks – Technical
Pick-10-Book List: Google ANDROID,eBooks – Technical
The Official ISC2 Guide to the CCSP CBK 2nd edition 2016,eBooks – Technical
Italian All in One For Dummies 2013,eBooks – Technical
Understanding Network Hacks Attack and Defense with Python 2015,eBooks – Technical
Pick-a-Book List: DRUPAL Content Management System (CMS),eBooks – Technical
Rails Angular Postgres and Bootstrap 2nd ed. beta release 2016,eBooks – Technical
Learning Perl 7th edition 2016,eBooks – Technical
Pick-a-Book List: PHP Programming and Web Application Frameworks,eBooks – Technical
Effective Ruby 48 Specific Ways to Write Better Ruby 2014,eBooks – Technical
Machine Learning with Spark 2nd edition 2017,eBooks – Technical
Data Wrangling with Python 2016,eBooks – Technical
Pick-a-Book List: LINUX CentOS CoreOS Debian Fedora Kali SUSE Ubuntu Yocto,eBooks – Technical
CSS Floating 2016,eBooks – Technical
Security in Fixed and Wireless Networks 2nd edition 2016,eBooks – Technical
Coding in Delphi 2014,eBooks – Technical
React Native By Example 2017,eBooks – Technical
Murach's Beginning Java with NetBeans 2015,eBooks – Technical
Pick-a-Book List: Microsoft OFFICE: Access Excel OneNote Outlook PowerPoint Publisher Word,eBooks – Technical
VirtualBox Guide for Beginners 2017,eBooks – Technical
Pick-a-Book List: APPLE OS X,eBooks – Technical
Essential MATLAB for Engineers and Scientists 6th edition 2016,eBooks – Technical
50 Recipes for Programming Node.js Volume 1 2017,eBooks – Technical
R Unleash Machine Learning Techniques 2016,eBooks – Technical
Migrating to Swift from Flash and ActionScript 2016,eBooks – Technical
Reactive Programming with Swift 2016,eBooks – Technical
Developing Essbase Applications 2015,eBooks – Technical
Coding iPhone Apps for Kids 2017,eBooks – Technical
Raspberry Pi By Example 2016,eBooks – Technical
Pick-10-Book List: OBJECTIVE-C and SWIFT Programming Languages (Apple),eBooks – Technical
Modern C plus plus Programming Cookbook 2017,eBooks – Technical
Pick-10-Book List: LINUX CentOS CoreOS Debian Fedora Kali SUSE Ubuntu Yocto,eBooks – Technical
Models to Code With No Mysterious Gaps 2017,eBooks – Technical
Pick-10-Book List: Microsoft WINDOWS,eBooks – Technical
Test Driving JavaScript Applications 2016,eBooks – Technical
Take Control of OS X Server 2016,eBooks – Technical
Java Programming for Android Developers For Dummies 2nd ed. 2016,eBooks – Technical
SNES Loader with Complete US Romset and Front End Interface,eBooks – Technical
Confident Coding Master the Fundamentals 2017,eBooks – Technical
Database Modeling and Design Logical Design 5th edition 2011,eBooks – Technical
"Pick-a-Book List: COMMAND LINE PRO using BASH, SHELL and TERMINAL",eBooks – Technical
React Native By Example 2017,eBooks – Technical
Murach's HTML5 and CSS3 3rd edition 2015,eBooks – Technical
Coder Cole Python An Introduction to Programming 2017,eBooks – Technical
50 Recipes for Programming Node.js Volume 1 2017,eBooks – Technical
Pick-5-Book List: (ISC)2 Cert Guides (CAP CCFP CISSP CSSLP ISSAP ISSEP ISSMP SSCP),eBooks – Technical
Python 201 Intermediate Python 2016,eBooks – Technical
SSCP Systems Security Certified Practitioner All-in-One Exam Guide 2nd edition 2015,eBooks – Technical
Pick-a-Book List: The INTERNET of THINGS,eBooks – Technical
Seven Mobile Apps in Seven Weeks 2016,eBooks – Technical
Pick-10-Book List: TEXTBOOKS: Accounting Economics Finance Management & Marketing,eBooks – Technical
Practical Augmented Reality 2016,eBooks – Technical
Python Learn Python in 24 Hours or Less 2016,eBooks – Technical
Pick-10-Book List: APPLE OS X,eBooks – Technical
Fast Data Processing with Spark 2 3rd edition 2016,eBooks – Technical
React Components 2016,eBooks – Technical
Raspberry Pi 3 Projects for Java Programmers 2017,eBooks – Technical
Coding for Beginners in easy steps,eBooks – Technical
Statistics for Machine Learning 2017,eBooks – Technical
Pick-a-Book List: CYBER SECURITY & CYBER WARFARE,eBooks – Technical
Modern Java Recipes early release 2017,eBooks – Technical
Sierra A Take Control Crash Course 2016,eBooks – Technical
Pick-a-Book List: CompTIA Cert Guides A+ Cloud Essentials Linux+ Mobility+ Network+ Security+ Server,eBooks – Technical
Python for Secret Agents 2nd edition 2015,eBooks – Technical
Building an RPG with Unity 5.x 2016,eBooks – Technical
Introduction to Security and Network Forensics 2011,eBooks – Technical
Strategic Analytics and SAS Using Aggregate Data 2016,eBooks – Technical
Picasso Easy Image Loading on Android 2016,eBooks – Technical
Pick-10-Book List: JAVASCRIPT Frameworks and Libraries,eBooks – Technical
Murach's ASP.NET 4.5 Web Programming with C# 2012 5th ed.,eBooks – Technical
✔ ⟁ MASTER JAVASCRIPT ⟁ (͠≖ ͜ʖ͠≖),eBooks – Technical
"Pick-a-Book List: INFOSEC, PRIVACY and SECURITY",eBooks – Technical
The Scrumban Revolution Getting the Most 2015,eBooks – Technical
Make DIY Drone and Quadcopter Projects 2016,eBooks – Technical
Multithreading with C sharp Cookbook 2nd edition 2016,eBooks – Technical
Raspberry Pi 3 Programming For Beginners 2017,eBooks – Technical
Pick-10-Book List: C plus plus PROGRAMMING Language,eBooks – Technical
Oracle Application Express Administration For DBAs & Developers,eBooks – Technical
Murach's JavaScript 2nd edition 2015,eBooks – Technical
Pick-a-Book List: CISCO Certification Guides (CCDA CCDE CCENT CCIE CCNA CCNP),eBooks – Technical
Pick-a-Book List: Google ANDROID,eBooks – Technical
50 Recipes for Programming CSS3 Volume 1 2017,eBooks – Technical
The Linux Command Line Beginner's Guide,eBooks – Technical
Electronics For Kids For Dummies 2016,eBooks – Technical
Reactive Android Programming 2017,eBooks – Technical
Pick-a-Book List: SEO - SEARCH ENGINE OPTIMIZATION,eBooks – Technical
100 SEO Tips,eBooks – Technical
Pick-10-Book List: (ISC)2 Cert Guides (CAP CCFP CISSP CSSLP ISSAP ISSEP ISSMP SSCP),eBooks – Technical
Pick-a-Book List: JAVASCRIPT Frameworks and Libraries,eBooks – Technical
CSS the Missing Manual 4th edition 2015,eBooks – Technical
Raspberry Pi 3 Projects for Java Programmers 2017,eBooks – Technical
Python Passive Network Mapping P2NMAP 2015,eBooks – Technical
Pick-10-Book List: ADOBE Creative Suite and Creative Cloud,eBooks – Technical
VirtualBox Guide for Beginners 2017,eBooks – Technical
Concepts of Programming Languages 11th edition 2016,eBooks – Technical
DevOps for Web Development 2016,eBooks – Technical
100 Recipes for Programming Java 2017,eBooks – Technical
Take Control of Upgrading to Sierra 2016,eBooks – Technical
Multitenancy with Rails 2016,eBooks – Technical
Pick-a-Book List: CSS CSS3 HTML and HTML5 Web Development,eBooks – Technical
50 Recipes for Programming CSS3 Volume 1 2017,eBooks – Technical
Pick-a-Book List: OBJECTIVE-C and SWIFT Programming Languages (Apple),eBooks – Technical
Machine Learning in Java 2016,eBooks – Technical
Integrating Front end Components with Web Applications 2014,eBooks – Technical
Pick-10-Book List: JAVASCRIPT Programming,eBooks – Technical
Reactive Programming with Angular and ngrx 2017,eBooks – Technical
Pick-a-Book List: Microsoft WINDOWS,eBooks – Technical
SSCP ISC2 Systems Security Certified Practitioner Official Study Guide 2015,eBooks – Technical
Programming Language Explorations 2016,eBooks – Technical
Computing Made Easy for the Over 50s,eBooks – Technical
Successful Analytics Managing Google Analytics 2015,eBooks – Technical
Programming Elixir 1.3 beta release 2016,eBooks – Technical
Programming Guides---32 Items,eBooks – Technical
Murach's Android Programming 2013,eBooks – Technical
Pick-10-Book List: DRUPAL Content Management System (CMS),eBooks – Technical
Reactive Programming on Android with RxJava 2017,eBooks – Technical
Murach's MySQL 2012,eBooks – Technical
Beginning Android Programming with Android Studio 4th ed. 2016,eBooks – Technical
Reactive Programming with Angular and ngrx 2017,eBooks – Technical
Multithreading with C sharp Cookbook 2nd edition 2016,eBooks – Technical
Pick-a-Book List: WORDPRESS Content Management System (CMS),eBooks – Technical
iPhone For Dummies 10th edition 2016,eBooks – Technical
Ubuntu Unleashed 2017,eBooks – Technical
Murach's ASP.NET 4.5 Web Programming with C# 2012 5th ed.,eBooks – Technical
Murach's C# 2015,eBooks – Technical
Murach's Android Programming 2013,eBooks – Technical
Raspberry Pi Supercomputing and Scientific Programming 2017,eBooks – Technical
Murach's jQuery 2nd edition 2015,eBooks – Technical
Raspberry Pi Robotic Projects 3rd edition 2016,eBooks – Technical
Reactive Android Programming 2017,eBooks – Technical
Statistics for Machine Learning 2017,eBooks – Technical
Regression Analysis Microsoft Excel 2016,eBooks – Technical
Murach's JavaScript and jQuery 2012,eBooks – Technical
Modern Java Recipes early release 2017,eBooks – Technical
Pick-10-Book List: GAME DEVELOPMENT: 2D 3D Cocos2d Minecraft Unity Unreal XNA,eBooks – Technical
Teach Yourself VISUALLY macOS Sierra 2016,eBooks – Technical
Programming iOS 10 early release 2016,eBooks – Technical
OpenStack Sahara Essentials 2016,eBooks – Technical
OpenStack Sahara Essentials 2016,eBooks – Technical
OpenGL Programming Guide 9th edition 2017,eBooks – Technical
OpenGL Programming Guide 9th edition 2017,eBooks – Technical
OpenGL Programming Guide 9th edition 2017,eBooks – Technical
OpenStack Administration with Ansible 2016,eBooks – Technical
OpenStack Administration with Ansible 2016,eBooks – Technical
OpenStack Cloud Application Development 2016,eBooks – Technical
OpenStack Cloud Application Development 2016,eBooks – Technical
OpenStack Cloud Computing Cookbook 3rd edition 2015,eBooks – Technical
OpenStack Cloud Computing Cookbook 3rd edition 2015,eBooks – Technical
OpenStack Cloud Security 2015,eBooks – Technical
OpenStack Cloud Security 2015,eBooks – Technical
OpenStack Cloud Security 2015,eBooks – Technical
Moodle 3.x Developers Guide 2017,eBooks – Technical
Moodle 3.x Developers Guide 2017,eBooks – Technical
Murach's Visual Basic,eBooks – Technical
Murach's Visual Basic,eBooks – Technical
Murach's Visual Basic,eBooks – Technical
Microsoft Project 2016 Up to Speed 2017,eBooks – Technical
Microsoft Project 2016 Up to Speed 2017,eBooks – Technical
Microsoft Project 2016 Up to Speed 2017,eBooks – Technical
Microsoft Project 2016 Up to Speed 2017,eBooks – Technical
Microsoft Dynamics CRM 2016 Unleashed 2017,eBooks – Technical
Microsoft Dynamics CRM 2016 Unleashed 2017,eBooks – Technical
Microsoft Dynamics CRM 2016 Unleashed 2017,eBooks – Technical
Jolly Roger's Security Guide for Beginners,eBooks – Technical
| The Four Horsemen 2nd ed.| ladron2 | Blackhat Business Intelligence,eBooks – Technical
Jolly Roger's Security Guide for Beginners,eBooks – Technical
| The Four Horsemen 2nd ed.| ladron2 | Blackhat Business Intelligence,eBooks – Technical
"Thinking about selling ebooks, what security do I need?",eBooks – Technical
