thread_id,subject,New Code
22674,-,
13335,-,
22279,-,
28691,---,
30999,---,
29882,---,
25383,----,
15286,-----------,
36939,---[Setting up Vendor Security]--- How To?,Other
37010,!!! Beware !!! www.[i]*censored*[/i].com is SCAM !!!,Fraud
19672,.,
37013,...,
34175,.onion bitcoin mixing service?,Cashing Out
24755,(Help Wanted) Using a RDP,
22488,[HELP] Retrieve the package totally remaining anonynement,
33267,[Tutorial] Fixing DNS leaks,
35445,***Electrum Hidden Services***,
38354,**Becoming a Vendor - Best security set up**,
28522,**Freshest Of Thee Fresh** SOCKS5 PROXIES!,Anonymity – Proxies
3181,*HOT* PayPal Transfer Service Cashout Guide 2014,
26693,+ Chaining VPN's +,Anonymity – VPN
13497,<,Other
35138,$3 pivate security guide,
36238,2 annoying problems with Tails,Anonymity – Other
32791,3g & 4g dongles,Other
32862,3G dongle,Other
37511,a,Other
30795,A few questions about ordering cf's and security,
40609,A Message from USPS.GOV  *****  Vendors and custys take heed !!!!,
15469,A question for experienced carder.,
1843,A security setup advice.,
29060,A word of caution,Other
32140,ââ¥â¥ â1 Bitcoin=$369 ï½ï½ï½ï¼ï½ï½ï½ï½ï½ï½ï½ï½ï½ï¼ï½ï½ï½{ paypal.creditcard },
35428,Absolutely necessary to update to new version of tails?,
21510,Accessing VPS with GUI from Tails,
37189,address stored in buyer notes?!,Transportation/Stealth
38290,Addresses,Transportation/Stealth
36283,Advice on possible transaction,Other
32063,Advice on vendor regarding gpg,PGP/GPG
32282,air-gap,
33188,"Alright, here we are again. I can't use my PGP key.",PGP/GPG
31508,Am i 100% secure doing this ?? just to confirm .,
21677,Am I doing Tor --> socks5 proxy --> destination website in this setup?,
26940,Am I safe to card?,Carding
28122,Am I safe to card?,Carding
28699,Am I safe?,Other
25623,Am I safe? iPad setup.,Other
34238,Android emulator Problem,
33021,Android Encryption and Security,
39608,Anon Email,Anonymity – Other
24261,Anon. Data Storage: Online / Cloud,Anonymity – Other
28451,anonabox,Anonymity – Other
40097,Anonym Email Adress 4 PGP,PGP/GPG
24564,Anonymous clearnet hosting?,Anonymity – Other
31195,anonymous P.O. Box (postbus) in the Netherlands,Transportation/Stealth
34641,Anonymous Shipping w/ Tracking,Transportation/Stealth
32505,Anonymous Shipping???,Transportation/Stealth
36895,Anonymous Visa. For getting payments.,Anonymity – Other
29129,Any plans to accept Darkcoin?,Cryptocurrency – General
25930,Anyone Can Help Me ?,Other
40046,Anyone had strange stuff happening after dealing /w a shady vendor?,Other
26741,Anyone have experienec with disney or tix,Other
31464,Anyone interesting in writing a full detail setup of DD-WRT?,Other
39746,Anyone know anything about Anonymous VoIP?????????????????????????????,Anonymity – Other
37133,Anyone know original Silk Road vendor NOD's sentence?,Other
22556,Anyone used helix light as a bitcoin tumbler?,Cashing Out
32929,Are Mixers Important?,Cashing Out
36966,Are RDP's really that safe?,
35635,attention any one who uses cvs pharmacy!!!!!,
20465,Attention Tor Users Do you know your TOR browser configs.,Anonymity – Tor
34421,Audio anonymity,Anonymity – Other
13357,Australia - Convert Bitcoins to cash anonymously?,Cashing Out
14688,Bad P.O. box experiance!!! Careful!!!,Transportation/Stealth
29911,BBC Futureâs World-Changing Ideas Summit,
21941,Be safe?!,
30381,Being Illeagal on the phone safe?,
35888,Belgium / Belgique Mail Drops,Transportation/Stealth
33179,Best distro Linux for anonimity and security,
26905,Best drop guide on evo?,
6251,Best drop method?,
32691,Best EU states for receiving counterfeits,
3617,best firewall/antivirus to use with win7 ?,
25118,Best free virtual machine?,
12951,Best Linux distribution with native VPN support?,Anonymity – VPN
34492,Best method(s) for cracking wifi,Hacking – Wireless Networks
32937,Best place to buy dedicated IP?,
35231,Best place to buy SOCKS5?,Anonymity – Proxies
34609,Best socks5 provider?,Anonymity – Proxies
21496,Best software to hack WPA2 wifi pass?,Hacking – Wireless Networks
34968,Best VPN for CC cash-out?,
28689,"Best VPN Router, Who has experiance with them",
40906,Best way of getting a drop,
22635,best way to buy bitcoins,Cryptocurrency – General
38686,Best way to edit photo to minimize facial recognition,Anonymity – Other
39058,Best way to get an vps with RDP for a specific area?,
37906,Best way to transfer BTC from localbitcoins,
38034,"Better Opsec for a vendor, being in a high or low population area?",
21314,beware of feds pretending to be trolls,Other
34162,Big amount of BTC - where to buy securely,Cryptocurrency – General
31502,Bitblender and evo taking extremely long for coins to arrive,
20609,Bitcoin Anonymity & Security,Cryptocurrency – General
37031,Bitcoin blender taint analysis?,
28139,bitcoin blenders??,Cashing Out
26153,Bitcoin Fog Selective Scammer,
37848,Bitcoin Not That Anonymous Afterall,Cryptocurrency – General
34036,Bitcoin sidechains,Cryptocurrency – General
36306,Bitcoins / Bank Account,
37088,Bittylicious - IP address 'dirtied' by using tor?,
22237,bittyliciuos,Cryptocurrency – General
35379,blockchain for tor ?,Anonymity – Tor
36085,Blockchains new .onion site down?,
39247,Blue Box question,
25348,"Browsing Securely, latest and best?",Anonymity – Other
21066,BTC Mixer,Cashing Out
15300,BTC on tails what client,
34558,Bulletproof dedicated,
39580,"Burner laptop, what else to do??",
34924,Burner phone location,Hacking – Phreaking
30615,Burner phones and swapping SIMs,Hacking – Phreaking
13287,Business Drop needed.,
21261,Buying / Vending Security Setup,
26261,Buying airline ticket,Other
35633,buying btc in aus,Cryptocurrency – General
35667,Buying guides and security,
37394,buying large amounts of bitcoins?..,Cryptocurrency – General
27609,Calling all Truecrypt/FDE fans,
33640,Can i use microsoft as my host system over debian or linux?,
33610,Can i use microsoft over debian or linux?,
26543,Can someone explain this?,Other
40556,can someone tell me why please?????,Other
21223,Can USPS Money orders be traced?,Transportation/Stealth
31323,Can you add a Socks proxy to TAILS OS?,
35796,Canada expresspost tracking number not showing up. help!!!,Transportation/Stealth
21506,Cannot cash out Ukash voucher - fault in my setup?,
39136,Cant download virtualbox on my laptop?,
27215,carded products,Carding
22739,Carding,Carding
22163,carding cashout to western union,Carding
35176,carding gift cards,Carding
33383,Carding off Android phone,Carding
30502,Carding using tails and public wifi,Carding
36899,Carnegie Mellon Tor Hack,
37951,Cashing out BTC,Cashing Out
31640,CC Cashout Problem,Cashing Out
12121,CC to BTC,Cashing Out
32905,CC to Moneygram to BTC,Cashing Out
26794,CCleaner and PORTABLE Firefox,
28853,cellphone meta data - semi-technical dissertation by grad student,
33090,Chaining Tails > SOCKS5 ?,Anonymity – Proxies
12912,Chances of actually getting caught,Other
26786,Change fake driving license to real one,Resources – Identity Documents
36318,Change feedback after Finalizing Early,Other
19268,Change harddisk serial in linux,
4716,Changing system time in Whonix,Anonymity – Other
25127,Changing your age on your passport?,Resources – Identity Documents
40059,Chat Anonymously,Anonymity – Other
34578,Cheap laptop,Other
30783,chinese dark web,
40735,Chrome w/ Tor,Anonymity – Tor
27796,CleanCoin mixing service .. 0.5% and 0.001 BTC total in fees..,Cashing Out
33932,ClearNet don't like Tails/Tor,
20324,Coinbase or Localbitcoins,Cryptocurrency – General
25008,coinbase to evo.,Cryptocurrency – General
39769,Coinbase Users -Warning!!,Cryptocurrency – General
28356,Combining Tor with Sandboxie,Anonymity – Tor
10094,Come get a noob friendly tutorial!,Other
39814,comparing various security setups,Other
12073,Complete carding guide-learn how to ATO-know secrets from the masters!,Carding
33771,Compromising your anonymity - can mistakes be changed?,Anonymity – Other
23274,Computers parts that i can recycle.,Other
27864,Configuring Mullvad on OpenVPN Tunnelblink with Mac OS,
36515,Confrontations with LE,Other
28925,Confused---Chaining SOCKS5 on TAILS using ProxyChains,
22387,Could I use a 4g dongle as an extra security measure?,
19610,Could somebody please HELP me with TAILS,Anonymity – Other
37703,Counterfeit US Dollars & Euro,
26110,countermail,
31446,Cross-Market Buyer Risk,
32538,Customes Procedure? Holiday Times?,
25905,Customs letter,
38407,CyberDust & SureSpot for Encrypted IM,
24076,Cyberghost 5,Anonymity – VPN
20880,Cyberghost VPN. Opinions?,Anonymity – VPN
23939,CZECH COMMUNITY -- ÄeskÃ¡ komunita,
37979,"dd-wrt,Vpns And Bridges",
35552,Dealing,
39149,Debian 7.7 installation issues. Help :) ?,
2564,Dedicated laptop security advise,
31649,delet me double post,Other
34083,delete,Other
35763,Delete,Other
28136,Delete,Other
27130,Delete please,Other
27132,Delete please,Other
27131,Delete please,Other
27908,Deleted,Other
27291,Deleted,Other
29498,Deleted,Other
30709,Deleted,Other
29651,Deleted,Other
21943,Deleted,Other
28633,Deleted,Other
23260,Deleted,Other
32411,deleted everything worked out fine.,
24154,Delivery Confirmation: How do I do it safely and anonymously?,
35980,Delivery status not updated USPS,
28260,Depositing Dirty Bitcoins?,
39918,destroy my ex boss and take all his money,Other
9291,Detecting undercover LE!,
34030,Difficulties getting an appropriate shipping address,Transportation/Stealth
33713,disable java in tor config,
37644,Dispose of Package,
39656,DNS Leak with Tor?,
32491,DNS leaks,
28900,DNScrypt ?,
41127,Do I Start my VPN Client after VIP72 and Proxifier are running?,
32326,DO NOT ORDER if the mail passes through Romania and Hungary.,
33297,Do you have to change mac address on virtual box?,
39281,Do you have to download files everytime you login to tails?,Anonymity – Other
23695,Do you really need a burner laptop if you use whonix or tails?,Anonymity – Other
30946,Does anyone actually use Whonix here?,Anonymity – Other
29685,Does Evolution blend/mix/wash your coins while waiting to be dispersed,
36216,Does this sound suspicious to you? New mailman delivers one package?,
28955,Donations and Blockchain transparency,Cryptocurrency – General
34339,Downloading anything through TOR,Anonymity – Tor
32120,Drops Help!!,
38284,Drug mail drops?,
35536,E-mail & web hosting on the dark-web,
30262,E-mail Service,
1127,EASY 4096 PGP (Step by Step Guide),PGP/GPG
26847,Easy safety tips for users who use a persistent Debian Linux install,
35145,"Edit: Helix is fine. I just can't access it, please ignore.",Other
22340,Edited.,Other
22337,Edited.,Other
22688,Edited.,Other
25270,Electrum wallet on latest tails,
23596,Email providers you trust?,Anonymity – Other
36038,Encrypt kali USB,
40624,Encrypting Address on Order Form,Transportation/Stealth
39929,ensure VPN is used,Anonymity – VPN
31521,Evolution has an internal mixer for bitcoins?,Cashing Out
35373,exchanging counterfeit cash,Counterfeit Currency
40324,Exporting PGP key,PGP/GPG
29455,"Famous bitcoin mixers, lets talk...",Cashing Out
28424,FF Portable and sessions,
34644,File Sharing??,Other
27418,File Transfer Security,
5213,firefox keeps crashing when i use vip72?,
22737,fixin my setup,
34128,Flashdrive Encryption with passphrase via tails,
40000,FOBT laundering (UK),
35455,For anyone of you using Blackberry OS 10,
22867,"For how much time starbucks, convenience stores keep their footage?",
27467,fraud from home?,Fraud
31347,Freaked Out!!,Other
25900,Free tips and information on RAIDS/warrants/searches,
13518,FROM THE CLEAR BLUE SKYs....,Other
29481,FrootVPN - New free VPN service?,Anonymity – VPN
31826,FrootVPN: is it legit?,Anonymity – VPN
20058,Fuck Oracle VM Virtual Box,
31747,Full encryption and becoming anonymous on the internet for Windows 7..,
39471,Fully encrypt w7 using truecrypt and then file container?,
37789,Fund my Research(Intelligently),Other
23825,Getting an address from an IP,
25760,Getting paid into bitcoin,Cryptocurrency – General
24199,Give me Feedback!,Other
18348,Golden Frog,Other
30349,Good enough to card?,Carding
37102,Good VPN service for Linux / Linux mint?,Anonymity – VPN
31558,got a ghost phone but how does the tracking work?,Hacking – Phreaking
22498,Got a red slip saying I got to sign for a parcel. Reason for concern?,Transportation/Stealth
39481,government seizure of computers,
31921,GPG on Mac // help,PGP/GPG
36661,Gpg4win for linux giving me trouble installing.,PGP/GPG
38732,gpg4win problem,PGP/GPG
19886,Greendot/Netspend SSN Block - possible warning,
37839,Hacking a Facebook profile,Hacking – Website
30670,hacking airgapped boxes,Hacking – General
32337,Hard Drive Clean?,
34116,Hard drive serial spoofer?,
30097,"Have problem with truecrypt 7.1a, help!",
39294,HELP - Had to sign for package,Transportation/Stealth
23962,help fixing errors while running TOR on ubuntu 14.04,
34431,Help getting SECURE!,
32153,Help Request: Tor Adjustments for Security? & A Few More Questions,
17870,Help with Mac OSX,
30736,Hiding from paypal,
37180,hiding your stash,Transportation/Stealth
38036,Holland ------> USA,
31617,how can i make a email at gmail or outlook using TOR?,
21650,How do i check that  i am going vpn > tor?,
31283,How do i create an anonymous Paypal account?,
35154,how do i erase topics on evo ?,Other
31720,How do I go about buying bitcoins while leaving no trace?,Cryptocurrency – General
36628,How do I spoof mac address of 3G dongle?,
35155,How do you bypass SMS verification on Facebook? Use a prepaid SIM card,
37812,How do you guys use your VPN?,Anonymity – VPN
30463,How do you send sensitive information to vendors?,
30130,How LE could identify us,Other
29166,How long does Evo keeps data?,
32573,How long to use a drop?,
22179,How much security for small purchases? (More infoe inside),
35705,How safe getting a refund from Amazon is?,
19593,How safe is it to tell a legit vendor my drops' addresses in ICQ+OTR ?,
29505,How safe is using skype with a vpn?,Anonymity – VPN
36568,How Tails -> VPN -> TOR,
23032,how the FBI busted Silk Road,Other
27989,How to avoid Address Security service from shops,
36796,How to carefully seal and ship the marijuana package?,Transportation/Stealth
9146,How to chain vip72(socks5) with tor,
23252,How to Chain VPN to Vip72(socks5)to firefox?,
9371,how to circumvent single use address issue and bitcoin fog,
32363,How to connect Mullvad vpn on whonix?,
36326,How to connect vpn over tor?,
28293,How to deposit small amount on USA bank account,
36122,How to download safely?,Other
28346,How to encrypt whole computer ?,PGP/GPG
23416,How to find out if your VPN leaks DNS,Anonymity – VPN
23853,How to get out of this funny situtation?,Other
39494,How to get tracking without entering post office or approacing desk?,Transportation/Stealth
40173,How to install Vip72 on Linux?,Anonymity – Proxies
19086,How to make an Tails USB for mac on windows?,
34785,How to mask TOR-use from websites?,Anonymity – Tor
31613,How to properly use safe-mail?,
22460,How to remain anon,Anonymity – Other
39393,How to safely order bulk domestic?,Transportation/Stealth
34862,How to send a lot of e-mails?,Other
33329,how to send a WU anonymously,
36052,How to set up tails -> vpn -> tor -> socks?,
38050,How to setup Vip72 socks with tor!!!,
38893,How to ship?,Transportation/Stealth
23138,How to use Socks5 with VPN,
33617,How-To: Change Your HDD Serial Number on Windows XP and up!,
24737,I am new on this whole darkent thing. I have read about using Linux...,
29331,I bought Bitcoin with my Bank Account ... How do i wash/mix them?,
23746,I do not use vpn when connect to the TOR,
29252,I have lots of 1cc fine tip clean needles/ties/water tools for IV,
29246,I know the FattusCatteratus Vendor is a hacker - FE needs to be banned,Hacking – General
35125,I need a Houston Texas SOCKS5 will give one in return.,Anonymity – Proxies
35960,I need help at hiding my IP.. please read me .-),
27941,I need help on Chaining SOCKS5 with Tor.,
39109,I need to to transfer all my keys from GNU Privacy assistant,
35793,I ordered something from canada with tracking. but nothing show up,
26410,I think I'm under surveillance,
32053,ICQ security,
31363,idea for my security update,
39743,If you using Whonix for Carding Then Read this!,
23132,"If you were a high level target and you hacked wifi, how could they...",Hacking – Wireless Networks
16888,"IMEIs, talk to me",Hacking – Phreaking
35229,Importing drugs to a USPS PO Box?,Transportation/Stealth
38319,In your own opinion what is the safest security set up?,
30729,Installing network firmware for a dell laptop,
36753,"Installing Tail linux using VM,Please help.",
34618,Interesting topic,Other
37904,International order to UK tracking,Transportation/Stealth
40063,"International Shipping Hints, US to World Specifically..",Transportation/Stealth
36471,International to Australia,Transportation/Stealth
38605,Internet not connecting in TAILS???,
32026,Intresting Read,Other
34854,Investigating CC and VCCs,
38692,IP of a VM,
20952,IR LED Hat,
33851,Irish Customs - Anyone had a love letter before?,Transportation/Stealth
22704,Is a vps safer than a vpn?,Anonymity – VPN
15089,Is anyone interested in an Evo/Underground IRC network?,
28423,Is it possible to load tails with a VPN and how.,
20288,Is it safe to mail Ca$h Internationally using DHL or FeDex?,Transportation/Stealth
21388,Is it safe to register with real infos on localbitcoins.com ?,Cryptocurrency – General
36033,"Is my burner laptop ""burned""? Accidentally connected to home network",
34141,Is plausible deniability still an option in this situation?,Other
29361,Is Tails Or Whonix Essential?,Anonymity – Other
40094,Is there a tool or anything that can tell if your pc is being watched?,Anonymity – Other
2144,is there enough layers to my onions,
3571,Is this a good security?,Other
32726,Is this considered tumbling?,Other
37370,is this safe,Other
2715,Is This Setup Safe,Other
33392,It's that time of the year,Other
39556,jabber problem,Other
30988,Just another setup which needs help of the proS!,
22772,just so u know and be safe!,Other
15589,Kali + Tails,
25378,Label 400,Other
39708,Laptop Brand for Linux,Other
32709,LE Alert.,Other
23852,LE question,Other
37873,Legal Question: Will cops seize/freeze your bank account after bust u?,
35174,lelantos.org email account worth buying?,
24461,"Let's talk about bags for stealth - mylar, MBB (moisture barrier bags)",Transportation/Stealth
30472,Let's talk home security,
21275,Letter from Postal Inspector,Transportation/Stealth
36593,Letter opened by customs,Transportation/Stealth
37783,Linux VPN/Proxy's,Anonymity – VPN
31825,LiveCD's,Other
39869,Lizard Squad TOR 0day,Anonymity – Tor
31749,Longtime member. New vendor. Capable in Computer security? PM me!,
23209,Looking for norwegian users from Trondheim,
28933,Looking for Private Socks or RDP for EBAY&PAYPAL Pm Me!,
26014,Lost GPG Passphrase,PGP/GPG
38912,LSD shiiping to AUS from international,Drugs – General
15247,mac address ..,
33453,mac address issue,
35442,MacAddr spoofing & custom firewall [Windows],
32698,Macbook- Security & Anonymity Set up,
28347,making a laptop run off TAILS with out usb?,
17295,Making my laptop fully anon and secure,
20981,Market demands complete tracking info....,
27163,Masking MAC/I.P,
9212,MAY have found THE best VPN providors,Anonymity – VPN
14241,Me->VPN->Socks5->Site,
30801,Messages still visible after order completed,
29871,MH9's official review on the twins product :D BE AWARE!!,
35416,MISMATCH  time zone,
31793,Mixing bitcoin / BITMIXER.IO - best solution,Cashing Out
37060,mixing bitcoins,Cashing Out
27552,Mixing BTC?,Cashing Out
30786,Mobile Phone OPSEC,
29734,Mobile Surf Internet Stick (UMTS),
37943,more LE tactics,
26623,more VPN shit,Anonymity – VPN
32699,Most secure OS setup.,
35933,mre scary NSA crap,
13598,mullvad vpn,Anonymity – VPN
32854,Multiple layers of security setup?,
33490,Mulvad,
36886,My PGP passphrase stopped working randomly please help,PGP/GPG
29318,"My phone automatically downloaded ""login.bin"" ???",
27931,My post box is now open? UK,Transportation/Stealth
10835,My security is enough ?,Other
21876,My setup,Other
3070,my setup feedback wanted,Other
31413,Nachash of Doxbin released source code and logs! Popcorn time!!,
28409,NEED HELP WITH TRUECRYPT (hidden volume),PGP/GPG
15845,Need help/advice!,
41432,NetFlix blocking VPNs,Anonymity – VPN
21141,neural remote monitoring,
33532,New guy...pgp help needed,PGP/GPG
9084,new identity,Resources – Identity Documents
27371,New Identity?,Resources – Identity Documents
34246,New laptop + how to make windows 8 safe to use,
24050,New PGP,PGP/GPG
35615,New to Evolution from Agora have some concerns..,Other
29449,New to this..,Other
38310,Newb question about billing/shipping,Transportation/Stealth
38504,NEWB Question about laptop encrypt and general safety,
12560,Newbie Guide for Prepping to use PayPal,
34894,Newbie Sorta Question,Other
31018,"Newbie,  I need help with PGP! Urgent!",PGP/GPG
25598,"NOOB ASKING: How do I ship to an anonymous address, what kind of...",Transportation/Stealth
26980,NSA e PGP,PGP/GPG
36789,NSA TAO Exploit of Whonix Qubes - EGOTISTICALSHALLOT - Martin Peck,
5383,nvm,Other
31422,On a scale of 1-10 how fucked am I?,Other
35101,onetimesecret instead of pgp,PGP/GPG
18120,openvpn client,Anonymity – VPN
28841,Opinion needed on proxy selection,Anonymity – Proxies
27134,OPSec First carding run - Review Please,Carding
33377,OPSEC methods,
25153,Oracle virtual box. HELP!!!,
36282,"Ordering bulk to home, po box, or private mail box.",Transportation/Stealth
35904,Ordering drugs to a high security household,
32993,Ordering Weed,Drugs – General
33364,P.O. Boxes,Transportation/Stealth
35918,Package not turning up,Transportation/Stealth
19531,PayPal - this is NOT a FRAUD question,
28222,Paypal security check,
38338,PC Script,
21465,Personal account safety-Amazon refunds.,
38070,PGP Import Problem,PGP/GPG
41189,PGP keys. should we change?,PGP/GPG
33884,pgp linux?,PGP/GPG
8971,PGP message burned to CD safe?,PGP/GPG
28956,PGP problem,PGP/GPG
22486,pgp programs?,PGP/GPG
33940,pgp test ..help,PGP/GPG
33843,pgp test!,PGP/GPG
28808,PGP with tails newb question,PGP/GPG
40582,Phone to Phone safe messaging?,
35950,Phone verification,
29229,Pidgin and Jabber Question,
28328,Please delete,Other
31955,Please delete post,Other
34556,Please Help - merchandise to remove the postal agency,
32679,Please help with setup,
40769,PLEASE HELP. sent to wrong zip code. dont know what to do,Transportation/Stealth
8320,plugin metadata???,
35805,Point an click VPN?,Anonymity – VPN
8786,Possible consequence of logging into FB or hotmail?,
39190,Possible LE takeover of a large amount of Tor relay nodes and exits,Anonymity – Tor
38948,Possible upcoming attempts to disable the Tor network,Anonymity – Tor
38886,Possible upcoming attempts to disable the Tor network!!,Anonymity – Tor
39582,Post NL Shipping Question!!!,Transportation/Stealth
31406,postage,Transportation/Stealth
35191,PP Charge-backs,
32676,Preferred VPS hosting,
36625,Prepaid data plan,
30039,Private Mail Boxes (PMB) the best way to go? And the best Rates,
28715,Probably a stupid question,Other
26172,PROXIE's,Anonymity – Proxies
30789,Proxify Java DNS & Flash,
36444,Proxy & VPN Recomendadtions Please,
26871,Proxy speed's,Anonymity – Proxies
6905,PROXY? SOCKS 5? answered!,Anonymity – Proxies
30159,Proxychains on TAILS1.2,
36248,public pgp tool vendors generator,PGP/GPG
21864,Public wi-fi for paypal fraud,
23719,q,
26133,Question about Burner Phone Security,Hacking – Phreaking
25372,Question about cookies and logging into EVO market,
33596,Question about setup,Other
20797,Question about tablet security,
36596,Question about Tails,Anonymity – Other
30385,Question About Vending,Other
35964,Question about VPN,Anonymity – VPN
29537,"Question answered, please delete",Other
37940,Questions About Anonimity,Anonymity – Other
30997,"Questions about Socks5, especially VIP72",Anonymity – Proxies
33339,Questions about the safety of connecting a RDP.,
33108,Questions about thumb drive encryption.,PGP/GPG
34805,Questions about VPN and Proxies and SOCKS,
30556,Questions about Whonix and security,Anonymity – Other
29964,RDP's,
31704,Receiving post from a reputable store anonymously UK,Transportation/Stealth
41025,Recieving a tracked shipment W/O signing for it.,Transportation/Stealth
20551,Recognizing LE,Other
36942,Recommend a burner laptop for carding,Carding
22684,Removing Metadata and Other Personal Info From a .pdf file,
16814,Review my setup to be anonymous,Anonymity – Other
24169,Rule #1. never sign,Other
31384,running TAILS from virtual box,
21552,Running VIP72 in Whonix,
24230,Safe to scan computer with memory stick in?,
34535,Safe to transfer coins into your Evo wallet without washing them?,
37095,safe-mail.net no longer accept free registration,
19697,Safer BTC withdraw. LBC vs Bitcointalk forum ?,
26610,Safest drugs to send ?,Transportation/Stealth
30001,Scam Alert:  http://bitcoin-mixer.com/,
21026,Secure/Anon on Mac,
30894,Security - Related,
16173,Security 101- Installing Tails LiveUSB with a Persistent Volume -Full,
25009,Security and anonymity shipping,Transportation/Stealth
15611,Security Apps on Phone,
15308,Security For Carders,Carding
23454,"security for mac - guides, tutorials, seutup needed",
33374,Security of the private key data on encrypted computers,PGP/GPG
26082,Security questions,
40192,Security relating to localbitcoins,
27460,Seeking Help // How to securely/privately download a file,
10091,Send money to bank or In store pickup,
6722,Sending Bitcoins to online exchange,Cryptocurrency – General
29410,Serious threat: Internal error x_x / Looks like something has gone...,
22514,service providers DNS sever IP showing on check2ip,
27030,Setting up a laptop just for carding,
21934,Setting up Amazon EC2 with RDP,
38720,Setting up Linux Mint * Info please,
15792,Setting up operation centers in abandoned storm drains?,
38651,Setting up vip72 and Tor?,
22897,Setup Securtity/Anon,Anonymity – Other
39144,Setup Tails under Virtualbox,
40814,Shared Coin - December Update,Cryptocurrency – General
31379,sharedcoin.com,Cryptocurrency – General
14361,Shipping in Romania..safe???,Transportation/Stealth
39404,shipping information - bad to use a name - newbie question,Transportation/Stealth
7591,Shipping International anonymously,Transportation/Stealth
33368,shipping my home,Transportation/Stealth
17292,Shipping Safety,Transportation/Stealth
31587,Shipping w/o Signature,Transportation/Stealth
36907,Shipping with track & trace without showing your face.,Transportation/Stealth
33722,Should I be worried? Opinions and feedback appreciated.,Other
38584,Should I choose tracked mail?,Transportation/Stealth
20791,Should I enable or disable javascript?,
16887,Should I mix bitcoins directly to marketplace?,
26305,"Signaling post-Snowden era, new iPhone locks out NSA INPUT is Advised",
36702,Signature Required. Thoughts? All info will help,
38895,Silk Road Vendor âCaligirlâ Sentenced to 5.10 Years in Prison,
40851,Simple tactic to prevent DNS leak,
35376,Sketchy Sample Offer? (OPINIONS PLEASE)!,
27313,Small TAILS concern..,
34987,Smallest way to transport OS/Computer TAILS OR PI,
36440,So this Day Came...,Other
35706,sock 5 setup help,Anonymity – Proxies
36650,Socks,Anonymity – Proxies
20795,Socks,Anonymity – Proxies
1341,Socks 5 and whonix,Anonymity – Proxies
41538,SOCKS after Tor exit node: does it really make sense?,
39049,socks5 clients other than vip72,Anonymity – Proxies
35004,Socks5 fingerprint?,Anonymity – Proxies
33759,Socks5 provider,Anonymity – Proxies
30581,Socks5 proxy,Anonymity – Proxies
37111,Socks5 with Tor problems,
23418,Software used in Target Breach,
10758,Some Help Before Cops are near me!!,Other
39147,Some Methods to identify users of TOR,Anonymity – Tor
39984,some obscure security questions.,Other
25947,Spain > UK Money transfer?,
26829,SPAM / FISHING SERVICE:I will send for you all your EMAILS.,
21038,Spending on UK websites with stolen PP's...,
22161,Spoof my IP,
32089,Spoofing gps location on an iphone,
37810,Staying secure?,
34728,stealth communication from distant locations recomendations,
20917,sticky ISP to geolocation and MAC?,
34412,Strange Guys wanting me to make listings for very small btc- amounts,
24500,Strictly buyer setup?,
35991,Stuff to reduce browser fingerprint/uniqueness in whonix,
28951,Synereo: A fully decentralized social network owned by you,
35447,TAILS [1.2]/Linux VPN over TOR:,
24444,Tails + Bitmessage >>> Possible ?,
41285,TAILS > TOR stand alone?,
26150,Tails 1.1.2 is out and is  SUPER Buggy,Anonymity – Other
27649,Tails 1.1.2 Torbrowser not up to date...,Anonymity – Other
38266,Tails 1.2.2,Anonymity – Other
24412,Tails and RDP,Anonymity – Other
26682,"TAILS AND SOCKS Help, please!",
38476,Tails and windows 8.1,Anonymity – Other
34432,Tails as host vs as guest,Anonymity – Other
34101,Tails is awesome,Anonymity – Other
2687,Tails OS + SOCKS5?,
36980,Tails Persistent Question,Anonymity – Other
26094,tails pgp - cant find public key,PGP/GPG
22899,Tails PGP problem,PGP/GPG
23565,Tails safe?,Anonymity – Other
28449,TAILS won't install on USB?,Anonymity – Other
28565,"Tails, Kali, or Debian",Anonymity – Other
32439,TAILS? questions :),Anonymity – Other
34562,talking about shit on evolution opsec,
10584,The ä¸­æ Connection,
37624,The Best Proxy Sites And VPN and RDP Services,
22624,There's an upgrade for Tails to 1.1.1 as of sept 2 2014,Anonymity – Other
39806,ThinderBird question,
28029,This is how i connect to TOR ( is this safe )  ??,Anonymity – Tor
37493,Tip: Don't use the same password on Evo and the forum,
27174,Tips for improvements would be appreciated.,Other
38814,Tips for Mac users,
38841,To use or not use a fake name?,
36626,Tor -> vpn -> rdp/socks,
28102,Tor + other apps,Anonymity – Tor
26992,Tor browser at work?,Anonymity – Tor
28470,Tor Browser Bundle 4.0 - Recalled?,Anonymity – Tor
31174,TOR in internet logs,Anonymity – Tor
22003,Tor Middle man attacks,Anonymity – Tor
41351,Tor occassional route through UK,Anonymity – Tor
40719,TOR/Whonix Chain DNS Leaks,
19032,TOR>VPN=Jail,
19797,total wipe,
23229,Tracking provided immediately,Transportation/Stealth
32875,Truecrypt Hidden Volume Corrupted,PGP/GPG
24247,trusted bitcoin mixer?,Cashing Out
31271,Tutorial for burner laptop setup?,
29698,Two different OS's?,
24325,UK - How to offer tracked delivery anonymously?,Transportation/Stealth
8043,UK Carding and Security,Carding
8357,UK Carding Vs. USA Carding,Carding
36711,UK. ordering another packege before the first one arrives?,
2698,ULTIMATE Newbie Goldmine Guide Â£30 only!,
2698,ULTIMATE Newbie Goldmine Guide NOW ONLY Â£25 - 48 hours only!!,
30884,Underkill or Overkill on Anonymity?,
38431,unencrypted address in vendor notes!,Transportation/Stealth
21180,Ununtu secure?,
37791,Unusual traffic from my computer detected :/,
37635,Upload files anonymously - InfoTomb,
26606,Uploading images - Metadata,
28044,Uploading photos safely?,
36581,Urgent help.,Other
32885,Urgent Shipping Questions Pleas Help,Transportation/Stealth
38406,USB dongle VS. Hacked Internet,Hacking – Wireless Networks
23054,usb for tails problem,Anonymity – Other
37704,Use of CC for online Shopping,
28403,Using RDP on Whonix,
36102,Using Tor browser on smartphone?,Anonymity – Tor
22157,Using TOR or VIP72 with PayPal,
29134,Using VPN for personal,Anonymity – VPN
19741,using vpn without tor,
34960,USPS now requires using a machine or employee for package tracking?,Transportation/Stealth
23245,USPS Priority Flat Rate Price Increase 9/8/14,Transportation/Stealth
13225,USPS tracking,Transportation/Stealth
39050,vending on other markets,
39030,Vendor Gandesh Reveals Name and Address of Customer on Forum Today ???,
20940,Vendor link that prompt me for login info,Other
39564,Vendors who put unencrypted tracking info on the order page,Transportation/Stealth
27229,VeraCrypt - question,PGP/GPG
26766,VeraCrypt 1.0e,PGP/GPG
36410,Veracrypt question (Beginner),PGP/GPG
32565,Veracrypt question.,PGP/GPG
37280,Verto's DOX,
21492,Viber/Skype,
40027,Vip 72 pricing,
32116,VIP72 Alternative?,Anonymity – Proxies
22239,VIP72 Client,Anonymity – Proxies
40585,Vip72 not logging in on TAILS,Anonymity – Proxies
18047,Virtual Machines - Large List,
30389,VM Virtual Box ?,
27311,VM->Whonix->Windows? Chaining question,
32369,VM/whonix in tails/liberte,
34453,Vmvare vs Virtualbox,
24933,Vpn,Anonymity – VPN
20181,VPN - TOR or TOR - VPN ?,
24311,VPN and PROXY service,
36249,vpn and tor,
31781,VPN Any good?,Anonymity – VPN
35144,VPN is blocked by ISP,Anonymity – VPN
34417,VPN on a public wifi : not working,Anonymity – VPN
30436,VPN Over Wireless,Anonymity – VPN
33820,VPN service - How to choose? Poxy Really Necessary?,Anonymity – VPN
38337,VPS vs RPD,
39018,Warning,Other
28697,"Warning -- Don't use ""pgp.mit.edu"" for your PGP keyserver! Heres why-",
30575,WARNING to all Blockchain wallet users!,Cryptocurrency – General
31043,WARNING: sr2 and c9 down ... article inside,
29550,Washing bitcoins important question,
35761,Websites with firefox,
21882,what about this...,Other
28616,What are these...,Other
39369,What are your experiences withdrawing after BTC to USD conversion?,Cryptocurrency – General
28268,What BTC Mixer to use?,Cashing Out
29101,What do I need to do to become fully anon when browsing/ordring,
40806,What do you thinks about these setup,Other
23415,What do you use/need a Socks5 for,
32625,What email provider is best,
31233,What encryption is everyone using now?,PGP/GPG
32219,what exactly is this?? can anyone tell me?,
37538,What happens if you card stuff to your house?,
34964,What happens when i buy socks from vip72?,Anonymity – Proxies
33004,"What is considered a ""personal"" amount of cannabis to order?",
36667,What is the cheapest and safest vpn?,
20285,What is the most secure way for sending files?,
31762,What is the safest place to store get a btc wallet and store your coin,
35109,What program to use to encrypt hard drives?,PGP/GPG
34782,What russian or chinese vpns are there?,Anonymity – VPN
34439,What to do if you get questioned from the authories..PROs and Newbies!,
22447,What would be the safest way to access wifi?,
23376,What's the best offline language translator?,
20274,whats an alternative to vip72?,Anonymity – Proxies
38943,Where is a neutral forum?,Other
37441,Where to store large amounts of weed?,
21106,Which is the best socks5 to use?,
21273,Which server do You personally use at Mullvad ?,
13176,Which TrueCrypt Encryption You Should Use?,PGP/GPG
21705,which USB do you use for tails?,
37415,"Whonix Kpgp ""The encryption failed with error code 2""",
24209,Whonix On Ipredia OS ?,
2985,Whonix timesync workaround,
3936,Whre to find how to set up everything with vm?,
20140,why bother securing laptop?,
35634,Why don't vendors do ship drugs domestic?,Transportation/Stealth
39422,Why is a VPN bad,Anonymity – VPN
27551,Why RDP?,
31393,Why Tor and VPN?,
38799,Wickr (mobile and desktop),
37573,Wifi Broadband Card,
34214,windows 8 and encrypting my whole computer?,
25761,"Windows subject..anyone ""Not genuine"" message",
39810,Windows xp support stop,
33066,Wiping Computer,Digital Forensics
31905,Worried about security Newbie,Other
26738,Worried for a friend,Other
31646,would LE go after low level buyers...,
33164,Would LE let through a small order on purpose ?,
40325,would you be worried,Other
3125,You Vs. LE | Your Harpoon To Fight The LE Whale,
34380,Zodiac,Other
35497,Err:510,
